sku,product_doc_id,unknown_key,unknown_value,all_attributes_json
NK-AIR-MAX-270-BLK-10,123,pattern,Solid,"{""closure_type"": ""Lace-Up"", ""primary_color"": [""Black"", ""White""], ""pattern"": ""Solid"", ""material"": [""Mesh"", ""Synthetic""], ""heel_height"": ""1.5 inches"", ""silhouette"": ""Low Top"", ""fit"": ""True to Size""}"
NK-AIR-MAX-270-BLK-10,123,silhouette,Low Top,"{""closure_type"": ""Lace-Up"", ""primary_color"": [""Black"", ""White""], ""pattern"": ""Solid"", ""material"": [""Mesh"", ""Synthetic""], ""heel_height"": ""1.5 inches"", ""silhouette"": ""Low Top"", ""fit"": ""True to Size""}"
14943667,14943667,descriptive.gender,Mens,"{""descriptive.gender"": ""Mens"", ""_migratedAt"": ""2025-12-09T04:29:58.203000+00:00"", ""primary_color"": ""Black"", ""_normalizedAt"": ""2025-12-10T05:38:34.015000+00:00"", ""age_group"": ""Adult"", ""brand"": ""NEW ERA CAPS"", ""class"": ""Hats"", ""mpn"": ""14943667"", ""style"": {""id"": ""14943667""}, ""fit"": ""True to Size"", ""_migratedVersion"": ""1.0.0"", ""materials"": [], ""category"": ""Casual"", ""department"": ""Accessories""}"
14943667,14943667,style,{'id': '14943667'},"{""descriptive.gender"": ""Mens"", ""_migratedAt"": ""2025-12-09T04:29:58.203000+00:00"", ""primary_color"": ""Black"", ""_normalizedAt"": ""2025-12-10T05:38:34.015000+00:00"", ""age_group"": ""Adult"", ""brand"": ""NEW ERA CAPS"", ""class"": ""Hats"", ""mpn"": ""14943667"", ""style"": {""id"": ""14943667""}, ""fit"": ""True to Size"", ""_migratedVersion"": ""1.0.0"", ""materials"": [], ""category"": ""Casual"", ""department"": ""Accessories""}"
14943667,14943667,materials,,"{""descriptive.gender"": ""Mens"", ""_migratedAt"": ""2025-12-09T04:29:58.203000+00:00"", ""primary_color"": ""Black"", ""_normalizedAt"": ""2025-12-10T05:38:34.015000+00:00"", ""age_group"": ""Adult"", ""brand"": ""NEW ERA CAPS"", ""class"": ""Hats"", ""mpn"": ""14943667"", ""style"": {""id"": ""14943667""}, ""fit"": ""True to Size"", ""_migratedVersion"": ""1.0.0"", ""materials"": [], ""category"": ""Casual"", ""department"": ""Accessories""}"
14943678,14943678,style,,"{""_migratedVersion"": ""1.0.0"", ""mpn"": ""14943678"", ""style"": {}, ""_migratedAt"": ""2025-12-09T04:29:58.210000+00:00"", ""primary_color"": ""Black"", ""_normalizedAt"": ""2025-12-10T05:38:34.301000+00:00"", ""brand"": ""NEW ERA CAPS""}"
207012-001,207012-001,style,,"{""_migratedVersion"": ""1.0.0"", ""mpn"": ""207012-001"", ""style"": {}, ""_migratedAt"": ""2025-12-09T04:29:58.229000+00:00"", ""primary_color"": ""BLACK"", ""brand"": ""Crocs""}"
209473-1001,209473-1001,style,,"{""_migratedVersion"": ""1.0.0"", ""mpn"": ""209473-1001"", ""style"": {}, ""_migratedAt"": ""2025-12-09T04:29:58.232000+00:00"", ""primary_color"": ""BLACK"", ""brand"": ""TRUE RELIGION""}"
209516-1001,209516-1001,style,,"{""_migratedVersion"": ""1.0.0"", ""mpn"": ""209516-1001"", ""style"": {}, ""_migratedAt"": ""2025-12-09T04:29:58.211000+00:00"", ""primary_color"": ""BLACK"", ""brand"": ""TRUE RELIGION""}"
209516-6916,209516-6916,style,,"{""_migratedVersion"": ""1.0.0"", ""mpn"": ""209516-6916"", ""style"": {}, ""_migratedAt"": ""2025-12-09T04:29:58.217000+00:00"", ""primary_color"": ""Red"", ""brand"": ""TRUE RELIGION""}"
209710-6916,209710-6916,style,,"{""_migratedVersion"": ""1.0.0"", ""mpn"": ""209710-6916"", ""style"": {}, ""_migratedAt"": ""2025-12-09T04:29:58.206000+00:00"", ""primary_color"": ""Red"", ""brand"": ""TRUE RELIGION""}"
211116-001,211116-001,style,{'id': 'Classic Unfurgettable Clog'},"{""_migratedAt"": ""2025-12-09T04:29:58.206000+00:00"", ""age_group"": ""Adult"", ""brand"": ""Crocs"", ""class"": ""Sandals"", ""mpn"": ""211116-001"", ""style"": {""id"": ""Classic Unfurgettable Clog""}, ""_migratedVersion"": ""1.0.0"", ""primary_color"": ""BLACK"", ""category"": ""Clogs"", ""descriptive.gender"": ""Men's"", ""department"": ""Footwear""}"
211116-001,211116-001,descriptive.gender,Men's,"{""_migratedAt"": ""2025-12-09T04:29:58.206000+00:00"", ""age_group"": ""Adult"", ""brand"": ""Crocs"", ""class"": ""Sandals"", ""mpn"": ""211116-001"", ""style"": {""id"": ""Classic Unfurgettable Clog""}, ""_migratedVersion"": ""1.0.0"", ""primary_color"": ""BLACK"", ""category"": ""Clogs"", ""descriptive.gender"": ""Men's"", ""department"": ""Footwear""}"
212350-90H,212350-90H,style,,"{""_migratedVersion"": ""1.0.0"", ""mpn"": ""212350-90H"", ""style"": {}, ""_migratedAt"": ""2025-12-09T04:29:57.996000+00:00"", ""primary_color"": ""Multi"", ""brand"": ""Crocs""}"
4254T1035,4254T1035,style,,"{""_migratedVersion"": ""1.0.0"", ""mpn"": ""4254T1035"", ""style"": {}, ""_migratedAt"": ""2025-12-09T04:29:58.034000+00:00"", ""primary_color"": ""Blue"", ""brand"": ""PSD UNDERWEAR""}"
4254T1036,4254T1036,style,,"{""_migratedVersion"": ""1.0.0"", ""mpn"": ""4254T1036"", ""style"": {}, ""_migratedAt"": ""2025-12-09T04:29:58.021000+00:00"", ""primary_color"": ""RED LEOPARD"", ""brand"": ""PSD UNDERWEAR""}"
482-BLK,482-BLK,style,,"{""_migratedVersion"": ""1.0.0"", ""mpn"": ""482-BLK"", ""style"": {}, ""_migratedAt"": ""2025-12-09T04:29:58.038000+00:00"", ""primary_color"": ""BLACK | BLK"", ""brand"": ""Hudson""}"
7J236,7J236,style,,"{""_migratedAt"": ""2025-12-09T04:29:58.047000+00:00"", ""age_group"": ""Toddler"", ""brand"": ""CONVERSE"", ""class"": ""Sneakers"", ""mpn"": ""7J236"", ""style"": {}, ""_migratedVersion"": ""1.0.0"", ""primary_color"": ""Red"", ""category"": ""Lifestyle"", ""descriptive.gender"": ""Kids"", ""department"": ""Footwear""}"
7J236,7J236,descriptive.gender,Kids,"{""_migratedAt"": ""2025-12-09T04:29:58.047000+00:00"", ""age_group"": ""Toddler"", ""brand"": ""CONVERSE"", ""class"": ""Sneakers"", ""mpn"": ""7J236"", ""style"": {}, ""_migratedVersion"": ""1.0.0"", ""primary_color"": ""Red"", ""category"": ""Lifestyle"", ""descriptive.gender"": ""Kids"", ""department"": ""Footwear""}"
A13264F,A13264F,style,,"{""_migratedVersion"": ""1.0.0"", ""mpn"": ""A13264F"", ""style"": {}, ""_migratedAt"": ""2025-12-09T04:29:58.027000+00:00"", ""primary_color"": ""ROTTEN APPLE/WHITE/BLACK"", ""brand"": ""CONVERSE""}"
A14338F,A14338F,style,,"{""_migratedVersion"": ""1.0.0"", ""mpn"": ""A14338F"", ""style"": {}, ""_migratedAt"": ""2025-12-09T04:29:58.038000+00:00"", ""primary_color"": ""DAYS AHEAD/WHITE/DAYSAHEAD"", ""brand"": ""CONVERSE""}"
A14345F,A14345F,style,,"{""_migratedVersion"": ""1.0.0"", ""mpn"": ""A14345F"", ""style"": {}, ""_migratedAt"": ""2025-12-09T04:29:58.033000+00:00"", ""primary_color"": ""BLUEIT/BLACK/WHITE"", ""brand"": ""CONVERSE""}"
A14346F,A14346F,style,,"{""_migratedVersion"": ""1.0.0"", ""mpn"": ""A14346F"", ""style"": {}, ""_migratedAt"": ""2025-12-09T04:29:58.045000+00:00"", ""primary_color"": ""DAYS AHEAD/WHITE/DAYSAHEAD"", ""brand"": ""CONVERSE""}"
A14349F,A14349F,style,,"{""_migratedVersion"": ""1.0.0"", ""mpn"": ""A14349F"", ""style"": {}, ""_migratedAt"": ""2025-12-09T04:29:58.066000+00:00"", ""primary_color"": ""PINKFROSTING/WHITE/BLACK"", ""brand"": ""CONVERSE""}"
A14409F,A14409F,style,,"{""_migratedVersion"": ""1.0.0"", ""mpn"": ""A14409F"", ""style"": {}, ""_migratedAt"": ""2025-12-09T04:29:58.040000+00:00"", ""primary_color"": ""DARKLY JADED/WHITE/NATURAL IVORY"", ""brand"": ""CONVERSE""}"
A14410F,A14410F,style,,"{""_migratedVersion"": ""1.0.0"", ""mpn"": ""A14410F"", ""style"": {}, ""_migratedAt"": ""2025-12-09T04:29:58.071000+00:00"", ""primary_color"": ""DARKLY JADED/WHITE/NATURAL IVORY"", ""brand"": ""CONVERSE""}"
A14606F,A14606F,style,,"{""_migratedVersion"": ""1.0.0"", ""mpn"": ""A14606F"", ""style"": {}, ""_migratedAt"": ""2025-12-09T04:29:58.074000+00:00"", ""primary_color"": ""DARKLY JADED/WHITE/BLACK"", ""brand"": ""CONVERSE""}"
A14607F,A14607F,style,,"{""_migratedVersion"": ""1.0.0"", ""mpn"": ""A14607F"", ""style"": {}, ""_migratedAt"": ""2025-12-09T04:29:58.047000+00:00"", ""primary_color"": ""CRISPY COBALT/WHITE/BLACK"", ""brand"": ""CONVERSE""}"
A14609F,A14609F,style,,"{""_migratedVersion"": ""1.0.0"", ""mpn"": ""A14609F"", ""style"": {}, ""_migratedAt"": ""2025-12-09T04:29:58.068000+00:00"", ""primary_color"": ""DARKLY JADED/WHITE/BLACK"", ""brand"": ""CONVERSE""}"
A15143F,A15143F,style,,"{""_migratedVersion"": ""1.0.0"", ""mpn"": ""A15143F"", ""style"": {}, ""_migratedAt"": ""2025-12-09T04:29:58.070000+00:00"", ""primary_color"": ""DAYS AHEAD/WHITE/DAYSAHEAD"", ""brand"": ""CONVERSE""}"
A15144F,A15144F,style,,"{""_migratedVersion"": ""1.0.0"", ""mpn"": ""A15144F"", ""style"": {}, ""_migratedAt"": ""2025-12-09T04:29:58.077000+00:00"", ""primary_color"": ""BLACK/WHITE/BLACK"", ""brand"": ""CONVERSE""}"
AMBRA-23,AMBRA-23,descriptive.gender,Women's,"{""descriptive.gender"": ""Women's"", ""_migratedAt"": ""2025-12-09T04:29:58.202000+00:00"", ""primary_color"": ""BLACK"", ""age_group"": ""Adult"", ""brand"": ""J P ORIGINAL"", ""class"": ""Sandals"", ""mpn"": ""AMBRA-23"", ""style"": {}, ""fit"": ""True To Size"", ""_migratedVersion"": ""1.0.0"", ""materials"": [""Synthetic""], ""category"": ""Flat"", ""department"": ""Footwear""}"
AMBRA-23,AMBRA-23,style,,"{""descriptive.gender"": ""Women's"", ""_migratedAt"": ""2025-12-09T04:29:58.202000+00:00"", ""primary_color"": ""BLACK"", ""age_group"": ""Adult"", ""brand"": ""J P ORIGINAL"", ""class"": ""Sandals"", ""mpn"": ""AMBRA-23"", ""style"": {}, ""fit"": ""True To Size"", ""_migratedVersion"": ""1.0.0"", ""materials"": [""Synthetic""], ""category"": ""Flat"", ""department"": ""Footwear""}"
AMBRA-23,AMBRA-23,materials,['Synthetic'],"{""descriptive.gender"": ""Women's"", ""_migratedAt"": ""2025-12-09T04:29:58.202000+00:00"", ""primary_color"": ""BLACK"", ""age_group"": ""Adult"", ""brand"": ""J P ORIGINAL"", ""class"": ""Sandals"", ""mpn"": ""AMBRA-23"", ""style"": {}, ""fit"": ""True To Size"", ""_migratedVersion"": ""1.0.0"", ""materials"": [""Synthetic""], ""category"": ""Flat"", ""department"": ""Footwear""}"
Classic Unfurgettable Clog,Classic Unfurgettable Clog,style,,"{""_migratedAt"": ""2025-12-09T04:29:58.208000+00:00"", ""age_group"": ""Adult"", ""brand"": ""Crocs"", ""class"": ""Sandals"", ""mpn"": ""Classic Unfurgettable Clog"", ""style"": {}, ""_migratedVersion"": ""1.0.0"", ""primary_color"": ""BLACK"", ""category"": ""Clogs"", ""descriptive.gender"": ""Men's"", ""department"": ""Footwear""}"
Classic Unfurgettable Clog,Classic Unfurgettable Clog,descriptive.gender,Men's,"{""_migratedAt"": ""2025-12-09T04:29:58.208000+00:00"", ""age_group"": ""Adult"", ""brand"": ""Crocs"", ""class"": ""Sandals"", ""mpn"": ""Classic Unfurgettable Clog"", ""style"": {}, ""_migratedVersion"": ""1.0.0"", ""primary_color"": ""BLACK"", ""category"": ""Clogs"", ""descriptive.gender"": ""Men's"", ""department"": ""Footwear""}"
DARING-03-BKPU,DARING-03-BKPU,style,,"{""_migratedVersion"": ""1.0.0"", ""mpn"": ""DARING-03-BKPU"", ""style"": {}, ""_migratedAt"": ""2025-12-09T04:29:58.207000+00:00"", ""primary_color"": ""BLACK PU"", ""brand"": ""LEGEND FOOTWEAR INC""}"
EP25115,EP25115,style,,"{""_migratedVersion"": ""1.0.0"", ""mpn"": ""EP25115"", ""style"": {}, ""_migratedAt"": ""2025-12-09T04:29:58.207000+00:00"", ""primary_color"": ""BLACK"", ""brand"": ""Smoke Rise""}"
FD ZAHARA-S-BLK,FD ZAHARA-S-BLK,descriptive.gender,Mens,"{""descriptive.gender"": ""Mens"", ""_migratedAt"": ""2025-12-09T04:29:58.210000+00:00"", ""age_group"": ""Adult"", ""brand"": ""brandie"", ""class"": ""Running"", ""mpn"": ""FD ZAHARA-S-BLK"", ""style"": {""id"": ""FD ZAHARA-S-BLK""}, ""fit"": ""G"", ""_migratedVersion"": ""1.0.0"", ""materials"": [], ""category"": ""Shoes"", ""department"": ""Footwear""}"
FD ZAHARA-S-BLK,FD ZAHARA-S-BLK,style,{'id': 'FD ZAHARA-S-BLK'},"{""descriptive.gender"": ""Mens"", ""_migratedAt"": ""2025-12-09T04:29:58.210000+00:00"", ""age_group"": ""Adult"", ""brand"": ""brandie"", ""class"": ""Running"", ""mpn"": ""FD ZAHARA-S-BLK"", ""style"": {""id"": ""FD ZAHARA-S-BLK""}, ""fit"": ""G"", ""_migratedVersion"": ""1.0.0"", ""materials"": [], ""category"": ""Shoes"", ""department"": ""Footwear""}"
FD ZAHARA-S-BLK,FD ZAHARA-S-BLK,materials,,"{""descriptive.gender"": ""Mens"", ""_migratedAt"": ""2025-12-09T04:29:58.210000+00:00"", ""age_group"": ""Adult"", ""brand"": ""brandie"", ""class"": ""Running"", ""mpn"": ""FD ZAHARA-S-BLK"", ""style"": {""id"": ""FD ZAHARA-S-BLK""}, ""fit"": ""G"", ""_migratedVersion"": ""1.0.0"", ""materials"": [], ""category"": ""Shoes"", ""department"": ""Footwear""}"
FD ZAHARA-S-CHO,FD ZAHARA-S-CHO,descriptive.gender,Mens,"{""descriptive.gender"": ""Mens"", ""_migratedAt"": ""2025-12-09T04:29:58.213000+00:00"", ""_normalizedAt"": ""2025-12-10T05:38:34.420000+00:00"", ""age_group"": ""Adult"", ""brand"": ""fasttester"", ""class"": ""Athletic"", ""mpn"": ""FD ZAHARA-S-CHO"", ""style"": {""id"": ""FD ZAHARA-S-CHO""}, ""fit"": """", ""_migratedVersion"": ""1.0.0"", ""materials"": [], ""category"": ""Basketball"", ""department"": ""Footwear""}"
FD ZAHARA-S-CHO,FD ZAHARA-S-CHO,style,{'id': 'FD ZAHARA-S-CHO'},"{""descriptive.gender"": ""Mens"", ""_migratedAt"": ""2025-12-09T04:29:58.213000+00:00"", ""_normalizedAt"": ""2025-12-10T05:38:34.420000+00:00"", ""age_group"": ""Adult"", ""brand"": ""fasttester"", ""class"": ""Athletic"", ""mpn"": ""FD ZAHARA-S-CHO"", ""style"": {""id"": ""FD ZAHARA-S-CHO""}, ""fit"": """", ""_migratedVersion"": ""1.0.0"", ""materials"": [], ""category"": ""Basketball"", ""department"": ""Footwear""}"
FD ZAHARA-S-CHO,FD ZAHARA-S-CHO,materials,,"{""descriptive.gender"": ""Mens"", ""_migratedAt"": ""2025-12-09T04:29:58.213000+00:00"", ""_normalizedAt"": ""2025-12-10T05:38:34.420000+00:00"", ""age_group"": ""Adult"", ""brand"": ""fasttester"", ""class"": ""Athletic"", ""mpn"": ""FD ZAHARA-S-CHO"", ""style"": {""id"": ""FD ZAHARA-S-CHO""}, ""fit"": """", ""_migratedVersion"": ""1.0.0"", ""materials"": [], ""category"": ""Basketball"", ""department"": ""Footwear""}"
FD ZAHARA-S-WHT,FD ZAHARA-S-WHT,descriptive.gender,Girls,"{""descriptive.gender"": ""Girls"", ""_migratedAt"": ""2025-12-09T04:29:58.210000+00:00"", ""primary_color"": ""Black"", ""age_group"": ""Kids"", ""brand"": ""asdf"", ""class"": ""Hoodies"", ""mpn"": ""FD ZAHARA-S-WHT"", ""style"": {""id"": ""FD ZAHARA-S-WHT""}, ""fit"": ""True to Size"", ""_migratedVersion"": ""1.0.0"", ""materials"": [""Man-Made""], ""category"": ""Basketball"", ""department"": ""Clothing""}"
FD ZAHARA-S-WHT,FD ZAHARA-S-WHT,style,{'id': 'FD ZAHARA-S-WHT'},"{""descriptive.gender"": ""Girls"", ""_migratedAt"": ""2025-12-09T04:29:58.210000+00:00"", ""primary_color"": ""Black"", ""age_group"": ""Kids"", ""brand"": ""asdf"", ""class"": ""Hoodies"", ""mpn"": ""FD ZAHARA-S-WHT"", ""style"": {""id"": ""FD ZAHARA-S-WHT""}, ""fit"": ""True to Size"", ""_migratedVersion"": ""1.0.0"", ""materials"": [""Man-Made""], ""category"": ""Basketball"", ""department"": ""Clothing""}"
FD ZAHARA-S-WHT,FD ZAHARA-S-WHT,materials,['Man-Made'],"{""descriptive.gender"": ""Girls"", ""_migratedAt"": ""2025-12-09T04:29:58.210000+00:00"", ""primary_color"": ""Black"", ""age_group"": ""Kids"", ""brand"": ""asdf"", ""class"": ""Hoodies"", ""mpn"": ""FD ZAHARA-S-WHT"", ""style"": {""id"": ""FD ZAHARA-S-WHT""}, ""fit"": ""True to Size"", ""_migratedVersion"": ""1.0.0"", ""materials"": [""Man-Made""], ""category"": ""Basketball"", ""department"": ""Clothing""}"
HK12789-LADBLUE,HK12789-LADBLUE,style,,"{""_migratedVersion"": ""1.0.0"", ""mpn"": ""HK12789-LADBLUE"", ""style"": {}, ""_migratedAt"": ""2025-12-09T04:29:58.210000+00:00"", ""primary_color"": ""Blue"", ""brand"": ""Mitchell & Ness""}"
HTG240320BLK,HTG240320BLK,descriptive.gender,,"{""_migratedAt"": ""2025-12-09T04:29:58.208000+00:00"", ""age_group"": """", ""fit"": """", ""class"": """", ""mpn"": ""HTG240320BLK"", ""_migratedVersion"": ""1.0.0"", ""brand"": """", ""category"": """", ""descriptive.gender"": """", ""department"": """"}"
HTG250221BLU,HTG250221BLU,descriptive.gender,Mens,"{""descriptive.gender"": ""Mens"", ""_migratedAt"": ""2025-12-09T04:29:58.209000+00:00"", ""primary_color"": ""Pink"", ""_normalizedAt"": ""2025-12-10T05:38:34.659000+00:00"", ""age_group"": ""Adult"", ""brand"": ""Honor The Gift"", ""class"": ""Hoodies"", ""mpn"": ""HTG250221BLU"", ""style"": {""id"": ""HTG250221BLU""}, ""fit"": """", ""_migratedVersion"": ""1.0.0"", ""materials"": [], ""category"": ""Basketball"", ""department"": ""Clothing""}"
HTG250221BLU,HTG250221BLU,style,{'id': 'HTG250221BLU'},"{""descriptive.gender"": ""Mens"", ""_migratedAt"": ""2025-12-09T04:29:58.209000+00:00"", ""primary_color"": ""Pink"", ""_normalizedAt"": ""2025-12-10T05:38:34.659000+00:00"", ""age_group"": ""Adult"", ""brand"": ""Honor The Gift"", ""class"": ""Hoodies"", ""mpn"": ""HTG250221BLU"", ""style"": {""id"": ""HTG250221BLU""}, ""fit"": """", ""_migratedVersion"": ""1.0.0"", ""materials"": [], ""category"": ""Basketball"", ""department"": ""Clothing""}"
HTG250221BLU,HTG250221BLU,materials,,"{""descriptive.gender"": ""Mens"", ""_migratedAt"": ""2025-12-09T04:29:58.209000+00:00"", ""primary_color"": ""Pink"", ""_normalizedAt"": ""2025-12-10T05:38:34.659000+00:00"", ""age_group"": ""Adult"", ""brand"": ""Honor The Gift"", ""class"": ""Hoodies"", ""mpn"": ""HTG250221BLU"", ""style"": {""id"": ""HTG250221BLU""}, ""fit"": """", ""_migratedVersion"": ""1.0.0"", ""materials"": [], ""category"": ""Basketball"", ""department"": ""Clothing""}"
HTG250221BNE,HTG250221BNE,style,,"{""_migratedVersion"": ""1.0.0"", ""mpn"": ""HTG250221BNE"", ""style"": {}, ""_migratedAt"": ""2025-12-09T04:29:58.219000+00:00"", ""primary_color"": ""Bone"", ""brand"": ""Honor The Gift""}"
JI0080,JI0080,style,,"{""_migratedVersion"": ""1.0.0"", ""mpn"": ""JI0080"", ""style"": {}, ""_migratedAt"": ""2025-12-09T04:29:58.210000+00:00"", ""primary_color"": ""FTWWHT/FTWWHT/FTWWHT"", ""brand"": ""ADIDAS""}"
JK11198-UNCCLBL,JK11198-UNCCLBL,descriptive.gender,,"{""_migratedAt"": ""2025-12-09T04:29:58.212000+00:00"", ""age_group"": """", ""fit"": """", ""class"": """", ""mpn"": ""JK11198-UNCCLBL"", ""_migratedVersion"": ""1.0.0"", ""brand"": """", ""category"": """", ""descriptive.gender"": """", ""department"": """"}"
JP6903,JP6903,style,,"{""_migratedVersion"": ""1.0.0"", ""mpn"": ""JP6903"", ""style"": {}, ""_migratedAt"": ""2025-12-09T04:29:58.209000+00:00"", ""primary_color"": ""WARSAN/CBLACK/OWHITE"", ""brand"": ""ADIDAS""}"
JP9499,JP9499,style,,"{""_migratedVersion"": ""1.0.0"", ""mpn"": ""JP9499"", ""style"": {}, ""_migratedAt"": ""2025-12-09T04:29:58.208000+00:00"", ""primary_color"": ""LTBLUE/FTWWHT/GUM4"", ""brand"": ""ADIDAS""}"
JP9500,JP9500,style,,"{""_migratedVersion"": ""1.0.0"", ""mpn"": ""JP9500"", ""style"": {}, ""_migratedAt"": ""2025-12-09T04:29:58.214000+00:00"", ""primary_color"": ""DRKGRN/BETSCA/GUM4"", ""brand"": ""ADIDAS""}"
JPM AMBRA-23_BLKKPU,JPM AMBRA-23_BLKKPU,descriptive.gender,Women's,"{""descriptive.gender"": ""Women's"", ""_migratedAt"": ""2025-12-09T04:29:58.216000+00:00"", ""primary_color"": ""BLACK"", ""age_group"": ""Adult"", ""brand"": ""J P ORIGINAL"", ""class"": ""Sandals"", ""mpn"": ""JPM AMBRA-23/BLKKPU"", ""style"": {""id"": ""AMBRA-23""}, ""fit"": ""True To Size"", ""_migratedVersion"": ""1.0.0"", ""materials"": [""Synthetic""], ""category"": ""Flat"", ""department"": ""Footwear""}"
JPM AMBRA-23_BLKKPU,JPM AMBRA-23_BLKKPU,style,{'id': 'AMBRA-23'},"{""descriptive.gender"": ""Women's"", ""_migratedAt"": ""2025-12-09T04:29:58.216000+00:00"", ""primary_color"": ""BLACK"", ""age_group"": ""Adult"", ""brand"": ""J P ORIGINAL"", ""class"": ""Sandals"", ""mpn"": ""JPM AMBRA-23/BLKKPU"", ""style"": {""id"": ""AMBRA-23""}, ""fit"": ""True To Size"", ""_migratedVersion"": ""1.0.0"", ""materials"": [""Synthetic""], ""category"": ""Flat"", ""department"": ""Footwear""}"
JPM AMBRA-23_BLKKPU,JPM AMBRA-23_BLKKPU,materials,['Synthetic'],"{""descriptive.gender"": ""Women's"", ""_migratedAt"": ""2025-12-09T04:29:58.216000+00:00"", ""primary_color"": ""BLACK"", ""age_group"": ""Adult"", ""brand"": ""J P ORIGINAL"", ""class"": ""Sandals"", ""mpn"": ""JPM AMBRA-23/BLKKPU"", ""style"": {""id"": ""AMBRA-23""}, ""fit"": ""True To Size"", ""_migratedVersion"": ""1.0.0"", ""materials"": [""Synthetic""], ""category"": ""Flat"", ""department"": ""Footwear""}"
JQ2851,JQ2851,style,,"{""_migratedVersion"": ""1.0.0"", ""mpn"": ""JQ2851"", ""style"": {}, ""_migratedAt"": ""2025-12-09T04:29:58.214000+00:00"", ""primary_color"": ""FTWWHT/SUPCOL/GUM3"", ""brand"": ""ADIDAS""}"
JQ9493,JQ9493,style,,"{""_migratedVersion"": ""1.0.0"", ""mpn"": ""JQ9493"", ""style"": {}, ""_migratedAt"": ""2025-12-09T04:29:58.210000+00:00"", ""primary_color"": ""FTWWHT/CBLACK/DUIN"", ""brand"": ""ADIDAS""}"
JR8848,JR8848,style,,"{""_migratedVersion"": ""1.0.0"", ""mpn"": ""JR8848"", ""style"": {}, ""_migratedAt"": ""2025-12-09T04:29:58.210000+00:00"", ""primary_color"": ""CREWHT/CREWHT/CGREEN"", ""brand"": ""ADIDAS""}"
JS1339,JS1339,style,,"{""_migratedVersion"": ""1.0.0"", ""mpn"": ""JS1339"", ""style"": {}, ""_migratedAt"": ""2025-12-09T04:29:58.217000+00:00"", ""primary_color"": ""CBLACK/SELUFU/CBLACK"", ""brand"": ""ADIDAS""}"
JW0272,JW0272,style,,"{""_migratedVersion"": ""1.0.0"", ""mpn"": ""JW0272"", ""style"": {}, ""_migratedAt"": ""2025-12-09T04:29:58.215000+00:00"", ""primary_color"": ""BETSCA"", ""brand"": ""ADIDAS""}"
JW1226,JW1226,style,,"{""_migratedVersion"": ""1.0.0"", ""mpn"": ""JW1226"", ""style"": {}, ""_migratedAt"": ""2025-12-09T04:29:58.213000+00:00"", ""primary_color"": ""BLACK/BETSCA"", ""brand"": ""ADIDAS""}"
JW5200,JW5200,style,,"{""_migratedVersion"": ""1.0.0"", ""mpn"": ""JW5200"", ""style"": {}, ""_migratedAt"": ""2025-12-09T04:29:58.216000+00:00"", ""primary_color"": ""SHARED/ALUMI"", ""brand"": ""ADIDAS""}"
JX7730,JX7730,style,,"{""_migratedVersion"": ""1.0.0"", ""mpn"": ""JX7730"", ""style"": {}, ""_migratedAt"": ""2025-12-09T04:29:58.236000+00:00"", ""primary_color"": ""BETSCA"", ""brand"": ""ADIDAS""}"
JZ1120,JZ1120,style,,"{""_migratedVersion"": ""1.0.0"", ""mpn"": ""JZ1120"", ""style"": {}, ""_migratedAt"": ""2025-12-09T04:29:58.212000+00:00"", ""primary_color"": ""MGREYH/WHITE"", ""brand"": ""ADIDAS""}"
KB3060,KB3060,style,,"{""_migratedVersion"": ""1.0.0"", ""mpn"": ""KB3060"", ""style"": {}, ""_migratedAt"": ""2025-12-09T04:29:58.235000+00:00"", ""primary_color"": ""DKBLUE/WHITE"", ""brand"": ""ADIDAS""}"
KG2677,KG2677,style,,"{""_migratedVersion"": ""1.0.0"", ""mpn"": ""KG2677"", ""style"": {}, ""_migratedAt"": ""2025-12-09T04:29:58.217000+00:00"", ""primary_color"": ""BETSCA/WHITE"", ""brand"": ""ADIDAS""}"
KH1744,KH1744,style,,"{""_migratedVersion"": ""1.0.0"", ""mpn"": ""KH1744"", ""style"": {}, ""_migratedAt"": ""2025-12-09T04:29:58.236000+00:00"", ""primary_color"": ""Black/Green"", ""brand"": ""ADIDAS""}"
KI5719,KI5719,style,,"{""_migratedVersion"": ""1.0.0"", ""mpn"": ""KI5719"", ""style"": {}, ""_migratedAt"": ""2025-12-09T04:29:58.212000+00:00"", ""primary_color"": ""SAMBA OG W GOLDMT/FTWWHT/CWHITE"", ""brand"": ""ADIDAS""}"
LLD1316162-EGG,LLD1316162-EGG,descriptive.gender,,"{""_migratedAt"": ""2025-12-09T04:29:58.216000+00:00"", ""age_group"": """", ""fit"": """", ""class"": """", ""mpn"": ""LLD1316162-EGG"", ""_migratedVersion"": ""1.0.0"", ""brand"": """", ""category"": """", ""descriptive.gender"": """", ""department"": """"}"
LLD5316107-BLK,LLD5316107-BLK,style,,"{""_migratedVersion"": ""1.0.0"", ""mpn"": ""LLD5316107-BLK"", ""style"": {}, ""_migratedAt"": ""2025-12-09T04:29:58.239000+00:00"", ""primary_color"": ""BLACK"", ""brand"": ""PRO STANDARD""}"
M9160,M9160,style,,"{""_migratedAt"": ""2025-12-09T04:29:58.237000+00:00"", ""age_group"": ""Adult"", ""brand"": ""CONVERSE"", ""class"": ""Sneakers"", ""mpn"": ""M9160"", ""style"": {}, ""_migratedVersion"": ""1.0.0"", ""category"": ""None"", ""descriptive.gender"": ""Men's"", ""department"": ""Footwear""}"
M9160,M9160,descriptive.gender,Men's,"{""_migratedAt"": ""2025-12-09T04:29:58.237000+00:00"", ""age_group"": ""Adult"", ""brand"": ""CONVERSE"", ""class"": ""Sneakers"", ""mpn"": ""M9160"", ""style"": {}, ""_migratedVersion"": ""1.0.0"", ""category"": ""None"", ""descriptive.gender"": ""Men's"", ""department"": ""Footwear""}"
M9166,M9166,style,,"{""_migratedAt"": ""2025-12-09T04:29:58.239000+00:00"", ""age_group"": ""Adult"", ""brand"": ""CONVERSE"", ""class"": ""Sneakers"", ""mpn"": ""M9166"", ""style"": {}, ""_migratedVersion"": ""1.0.0"", ""category"": ""None"", ""descriptive.gender"": ""Men's"", ""department"": ""Footwear""}"
M9166,M9166,descriptive.gender,Men's,"{""_migratedAt"": ""2025-12-09T04:29:58.239000+00:00"", ""age_group"": ""Adult"", ""brand"": ""CONVERSE"", ""class"": ""Sneakers"", ""mpn"": ""M9166"", ""style"": {}, ""_migratedVersion"": ""1.0.0"", ""category"": ""None"", ""descriptive.gender"": ""Men's"", ""department"": ""Footwear""}"
MELANIE-21-BRCO,MELANIE-21-BRCO,descriptive.gender,,"{""_migratedAt"": ""2025-12-09T04:29:58.217000+00:00"", ""age_group"": """", ""fit"": """", ""class"": """", ""mpn"": ""MELANIE-21-BRCO"", ""_migratedVersion"": ""1.0.0"", ""brand"": """", ""category"": """", ""descriptive.gender"": """", ""department"": """"}"
MELANIE-39-BKFR,MELANIE-39-BKFR,descriptive.gender,,"{""_migratedAt"": ""2025-12-09T04:29:58.238000+00:00"", ""age_group"": """", ""fit"": """", ""class"": """", ""mpn"": ""MELANIE-39-BKFR"", ""_migratedVersion"": ""1.0.0"", ""brand"": """", ""category"": """", ""descriptive.gender"": """", ""department"": """"}"
MELANIE-39-TNML,MELANIE-39-TNML,descriptive.gender,,"{""_migratedAt"": ""2025-12-09T04:29:58.212000+00:00"", ""age_group"": """", ""fit"": """", ""class"": """", ""mpn"": ""MELANIE-39-TNML"", ""_migratedVersion"": ""1.0.0"", ""brand"": """", ""category"": """", ""descriptive.gender"": """", ""department"": """"}"
MKT25Q3-HD0861BLK,MKT25Q3-HD0861BLK,descriptive.gender,,"{""_migratedAt"": ""2025-12-09T04:29:58.215000+00:00"", ""age_group"": """", ""fit"": """", ""class"": """", ""mpn"": ""MKT25Q3-HD0861BLK"", ""_migratedVersion"": ""1.0.0"", ""brand"": """", ""category"": """", ""descriptive.gender"": """", ""department"": """"}"
MKT25Q3-LS0862WHT,MKT25Q3-LS0862WHT,descriptive.gender,,"{""_migratedAt"": ""2025-12-09T04:29:58.219000+00:00"", ""age_group"": """", ""fit"": """", ""class"": """", ""mpn"": ""MKT25Q3-LS0862WHT"", ""_migratedVersion"": ""1.0.0"", ""brand"": """", ""category"": """", ""descriptive.gender"": """", ""department"": """"}"
TEST-001,TEST-001,descriptive.gender,Mens,"{""descriptive.gender"": ""Mens"", ""_migratedAt"": ""2025-12-09T04:29:58.215000+00:00"", ""_normalizedAt"": ""2025-12-10T05:38:34.760000+00:00"", ""age_group"": ""Adult"", ""fit"": ""True to Size"", ""class"": ""Athletic"", ""mpn"": ""TEST-001"", ""brand"": ""The Tester"", ""_migratedVersion"": ""1.0.0"", ""primary_color"": ""Black"", ""materials"": [], ""category"": ""Casual"", ""department"": ""Footwear""}"
TEST-001,TEST-001,materials,,"{""descriptive.gender"": ""Mens"", ""_migratedAt"": ""2025-12-09T04:29:58.215000+00:00"", ""_normalizedAt"": ""2025-12-10T05:38:34.760000+00:00"", ""age_group"": ""Adult"", ""fit"": ""True to Size"", ""class"": ""Athletic"", ""mpn"": ""TEST-001"", ""brand"": ""The Tester"", ""_migratedVersion"": ""1.0.0"", ""primary_color"": ""Black"", ""materials"": [], ""category"": ""Casual"", ""department"": ""Footwear""}"
TEST-002,TEST-002,descriptive.gender,,"{""_migratedAt"": ""2025-12-09T04:29:58.219000+00:00"", ""age_group"": """", ""fit"": """", ""class"": """", ""mpn"": ""TEST-002"", ""_migratedVersion"": ""1.0.0"", ""brand"": """", ""category"": """", ""descriptive.gender"": """", ""department"": """"}"
TEST-003,TEST-003,descriptive.gender,,"{""_migratedAt"": ""2025-12-09T04:29:58.219000+00:00"", ""age_group"": """", ""fit"": """", ""class"": """", ""mpn"": ""TEST-003"", ""_migratedVersion"": ""1.0.0"", ""brand"": """", ""category"": """", ""descriptive.gender"": """", ""department"": """"}"
TEST-004,TEST-004,descriptive.gender,,"{""_migratedAt"": ""2025-12-09T04:29:58.214000+00:00"", ""age_group"": """", ""fit"": """", ""class"": """", ""mpn"": ""TEST-004"", ""_migratedVersion"": ""1.0.0"", ""brand"": """", ""category"": """", ""descriptive.gender"": """", ""department"": """"}"
TEST-005,TEST-005,descriptive.gender,,"{""_migratedAt"": ""2025-12-09T04:29:58.239000+00:00"", ""age_group"": """", ""fit"": """", ""class"": """", ""mpn"": ""TEST-005"", ""_migratedVersion"": ""1.0.0"", ""brand"": """", ""category"": """", ""descriptive.gender"": """", ""department"": """"}"
TEST-006,TEST-006,descriptive.gender,,"{""_migratedAt"": ""2025-12-09T04:29:58.246000+00:00"", ""age_group"": """", ""fit"": """", ""class"": """", ""mpn"": ""TEST-006"", ""_migratedVersion"": ""1.0.0"", ""brand"": """", ""category"": """", ""descriptive.gender"": """", ""department"": """"}"
TEST-007,TEST-007,descriptive.gender,,"{""_migratedAt"": ""2025-12-09T04:29:58.238000+00:00"", ""age_group"": """", ""fit"": """", ""class"": """", ""mpn"": ""TEST-007"", ""_migratedVersion"": ""1.0.0"", ""brand"": """", ""category"": """", ""descriptive.gender"": """", ""department"": """"}"
TEST-008,TEST-008,descriptive.gender,,"{""_migratedAt"": ""2025-12-09T04:29:58.236000+00:00"", ""age_group"": """", ""fit"": """", ""class"": """", ""mpn"": ""TEST-008"", ""_migratedVersion"": ""1.0.0"", ""brand"": """", ""category"": """", ""descriptive.gender"": """", ""department"": """"}"
TEST-009,TEST-009,descriptive.gender,,"{""_migratedAt"": ""2025-12-09T04:29:58.220000+00:00"", ""age_group"": """", ""fit"": """", ""class"": """", ""mpn"": ""TEST-009"", ""_migratedVersion"": ""1.0.0"", ""brand"": """", ""category"": """", ""descriptive.gender"": """", ""department"": """"}"
TP12224-LALBLCK,TP12224-LALBLCK,descriptive.gender,,"{""_migratedAt"": ""2025-12-09T04:29:58.215000+00:00"", ""age_group"": """", ""fit"": """", ""class"": """", ""mpn"": ""TP12224-LALBLCK"", ""_migratedVersion"": ""1.0.0"", ""brand"": """", ""category"": """", ""descriptive.gender"": """", ""department"": """"}"
TP12224-SF4BLCK,TP12224-SF4BLCK,descriptive.gender,,"{""_migratedAt"": ""2025-12-09T04:29:58.240000+00:00"", ""age_group"": """", ""fit"": """", ""class"": """", ""mpn"": ""TP12224-SF4BLCK"", ""_migratedVersion"": ""1.0.0"", ""brand"": """", ""category"": """", ""descriptive.gender"": """", ""department"": """"}"
VN000D7ZYJ71,VN000D7ZYJ71,style,,"{""_migratedVersion"": ""1.0.0"", ""mpn"": ""VN000D7ZYJ71"", ""style"": {}, ""_migratedAt"": ""2025-12-09T04:29:58.222000+00:00"", ""primary_color"": ""POP BLACK/GREEN"", ""brand"": ""VANS DISTRIBUTION CNT""}"
VN000EE6BGS1,VN000EE6BGS1,style,,"{""_migratedVersion"": ""1.0.0"", ""mpn"": ""VN000EE6BGS1"", ""style"": {}, ""_migratedAt"": ""2025-12-09T04:29:58.242000+00:00"", ""primary_color"": ""SUEDE BROWN/GREEN"", ""brand"": ""VANS DISTRIBUTION CNT""}"
VN000EGABX91,VN000EGABX91,style,,"{""_migratedVersion"": ""1.0.0"", ""mpn"": ""VN000EGABX91"", ""style"": {}, ""_migratedAt"": ""2025-12-09T04:29:58.247000+00:00"", ""primary_color"": ""PLAID NAVY"", ""brand"": ""VANS DISTRIBUTION CNT""}"
VN000EGARED1,VN000EGARED1,style,,"{""_migratedVersion"": ""1.0.0"", ""mpn"": ""VN000EGARED1"", ""style"": {}, ""_migratedAt"": ""2025-12-09T04:29:58.244000+00:00"", ""primary_color"": ""PLAID RED"", ""brand"": ""VANS DISTRIBUTION CNT""}"
YOKO-06-BKPU,YOKO-06-BKPU,style,,"{""_migratedVersion"": ""1.0.0"", ""mpn"": ""YOKO-06-BKPU"", ""style"": {}, ""_migratedAt"": ""2025-12-09T04:29:58.242000+00:00"", ""primary_color"": ""BLACK"", ""brand"": ""LEGEND FOOTWEAR INC""}"
SKU-1001,sku-1001,descriptive.material,Leather,"{""_migratedVersion"": ""1.0.0"", ""_migratedAt"": ""2025-12-09T04:29:58.245000+00:00"", ""brand"": ""Ropi"", ""primary_color"": ""Black"", ""descriptive.material"": ""Leather"", ""category"": ""Sneakers"", ""fit"": ""Regular""}"
SKU-1002,sku-1002,descriptive.material,Canvas,"{""_migratedVersion"": ""1.0.0"", ""_migratedAt"": ""2025-12-09T04:29:58.238000+00:00"", ""brand"": ""Ropi"", ""primary_color"": ""White"", ""descriptive.material"": ""Canvas"", ""category"": ""Casual"", ""fit"": ""Narrow""}"
SKU-1003,sku-1003,descriptive.material,Suede,"{""_migratedVersion"": ""1.0.0"", ""_migratedAt"": ""2025-12-09T04:29:58.244000+00:00"", ""brand"": ""Ropi"", ""primary_color"": ""Brown"", ""descriptive.material"": ""Suede"", ""category"": ""Boots"", ""fit"": ""Wide""}"
TEST-RUN-001,test-product-001,secondaryColor,White,"{""secondaryColor"": ""White"", ""age_group"": ""Adult"", ""sustainable"": true, ""primary_color"": ""Black"", ""style"": ""Athletic"", ""waterproof"": false, ""descriptive.material"": ""Mesh"", ""category"": ""Athletic"", ""descriptive.gender"": ""Men""}"
TEST-RUN-001,test-product-001,sustainable,True,"{""secondaryColor"": ""White"", ""age_group"": ""Adult"", ""sustainable"": true, ""primary_color"": ""Black"", ""style"": ""Athletic"", ""waterproof"": false, ""descriptive.material"": ""Mesh"", ""category"": ""Athletic"", ""descriptive.gender"": ""Men""}"
TEST-RUN-001,test-product-001,style,Athletic,"{""secondaryColor"": ""White"", ""age_group"": ""Adult"", ""sustainable"": true, ""primary_color"": ""Black"", ""style"": ""Athletic"", ""waterproof"": false, ""descriptive.material"": ""Mesh"", ""category"": ""Athletic"", ""descriptive.gender"": ""Men""}"
TEST-RUN-001,test-product-001,waterproof,,"{""secondaryColor"": ""White"", ""age_group"": ""Adult"", ""sustainable"": true, ""primary_color"": ""Black"", ""style"": ""Athletic"", ""waterproof"": false, ""descriptive.material"": ""Mesh"", ""category"": ""Athletic"", ""descriptive.gender"": ""Men""}"
TEST-RUN-001,test-product-001,descriptive.material,Mesh,"{""secondaryColor"": ""White"", ""age_group"": ""Adult"", ""sustainable"": true, ""primary_color"": ""Black"", ""style"": ""Athletic"", ""waterproof"": false, ""descriptive.material"": ""Mesh"", ""category"": ""Athletic"", ""descriptive.gender"": ""Men""}"
TEST-RUN-001,test-product-001,descriptive.gender,Men,"{""secondaryColor"": ""White"", ""age_group"": ""Adult"", ""sustainable"": true, ""primary_color"": ""Black"", ""style"": ""Athletic"", ""waterproof"": false, ""descriptive.material"": ""Mesh"", ""category"": ""Athletic"", ""descriptive.gender"": ""Men""}"
TEST-SNK-002,test-product-002,style,Casual,"{""age_group"": ""Infant"", ""style"": ""Casual"", ""waterproof"": false, ""descriptive.material"": ""Leather"", ""category"": ""Casual"", ""descriptive.gender"": ""Women"", ""primary_color"": ""White""}"
TEST-SNK-002,test-product-002,waterproof,,"{""age_group"": ""Infant"", ""style"": ""Casual"", ""waterproof"": false, ""descriptive.material"": ""Leather"", ""category"": ""Casual"", ""descriptive.gender"": ""Women"", ""primary_color"": ""White""}"
TEST-SNK-002,test-product-002,descriptive.material,Leather,"{""age_group"": ""Infant"", ""style"": ""Casual"", ""waterproof"": false, ""descriptive.material"": ""Leather"", ""category"": ""Casual"", ""descriptive.gender"": ""Women"", ""primary_color"": ""White""}"
TEST-SNK-002,test-product-002,descriptive.gender,Women,"{""age_group"": ""Infant"", ""style"": ""Casual"", ""waterproof"": false, ""descriptive.material"": ""Leather"", ""category"": ""Casual"", ""descriptive.gender"": ""Women"", ""primary_color"": ""White""}"
TEST-BOOT-003,test-product-003,descriptive.material,Leather,"{""descriptive.material"": ""Leather"", ""primary_color"": ""Brown"", ""age_group"": ""Adult"", ""sustainable"": false, ""descriptive.heelType"": ""Block"", ""brand"": ""TestBrand"", ""style"": ""Boots"", ""waterproof"": true, ""descriptive.heelHeight"": ""2 inches"", ""category"": ""Boots"", ""descriptive.gender"": ""Unisex"", ""department"": ""Footwear""}"
TEST-BOOT-003,test-product-003,sustainable,,"{""descriptive.material"": ""Leather"", ""primary_color"": ""Brown"", ""age_group"": ""Adult"", ""sustainable"": false, ""descriptive.heelType"": ""Block"", ""brand"": ""TestBrand"", ""style"": ""Boots"", ""waterproof"": true, ""descriptive.heelHeight"": ""2 inches"", ""category"": ""Boots"", ""descriptive.gender"": ""Unisex"", ""department"": ""Footwear""}"
TEST-BOOT-003,test-product-003,descriptive.heelType,Block,"{""descriptive.material"": ""Leather"", ""primary_color"": ""Brown"", ""age_group"": ""Adult"", ""sustainable"": false, ""descriptive.heelType"": ""Block"", ""brand"": ""TestBrand"", ""style"": ""Boots"", ""waterproof"": true, ""descriptive.heelHeight"": ""2 inches"", ""category"": ""Boots"", ""descriptive.gender"": ""Unisex"", ""department"": ""Footwear""}"
TEST-BOOT-003,test-product-003,style,Boots,"{""descriptive.material"": ""Leather"", ""primary_color"": ""Brown"", ""age_group"": ""Adult"", ""sustainable"": false, ""descriptive.heelType"": ""Block"", ""brand"": ""TestBrand"", ""style"": ""Boots"", ""waterproof"": true, ""descriptive.heelHeight"": ""2 inches"", ""category"": ""Boots"", ""descriptive.gender"": ""Unisex"", ""department"": ""Footwear""}"
TEST-BOOT-003,test-product-003,waterproof,True,"{""descriptive.material"": ""Leather"", ""primary_color"": ""Brown"", ""age_group"": ""Adult"", ""sustainable"": false, ""descriptive.heelType"": ""Block"", ""brand"": ""TestBrand"", ""style"": ""Boots"", ""waterproof"": true, ""descriptive.heelHeight"": ""2 inches"", ""category"": ""Boots"", ""descriptive.gender"": ""Unisex"", ""department"": ""Footwear""}"
TEST-BOOT-003,test-product-003,descriptive.heelHeight,2 inches,"{""descriptive.material"": ""Leather"", ""primary_color"": ""Brown"", ""age_group"": ""Adult"", ""sustainable"": false, ""descriptive.heelType"": ""Block"", ""brand"": ""TestBrand"", ""style"": ""Boots"", ""waterproof"": true, ""descriptive.heelHeight"": ""2 inches"", ""category"": ""Boots"", ""descriptive.gender"": ""Unisex"", ""department"": ""Footwear""}"
TEST-BOOT-003,test-product-003,descriptive.gender,Unisex,"{""descriptive.material"": ""Leather"", ""primary_color"": ""Brown"", ""age_group"": ""Adult"", ""sustainable"": false, ""descriptive.heelType"": ""Block"", ""brand"": ""TestBrand"", ""style"": ""Boots"", ""waterproof"": true, ""descriptive.heelHeight"": ""2 inches"", ""category"": ""Boots"", ""descriptive.gender"": ""Unisex"", ""department"": ""Footwear""}"
