branch_name,delete_candidate,classification,reason,last_activity_days,last_commit_date,last_commit_author,last_commit_sha,protection_status,protection_error,recommendation
ATTR/LP-ATTR-1.3.1/delete-clear-selection,true,STALE_CANDIDATE,No activity for 9999 days (threshold: 180),9999,,,c2ac336a68e281cfaa8d625c0032452be87b0663,not_protected,,Review for deletion - stale branch with no recent activity
LP-deploy-authority-model-001,true,STALE_CANDIDATE,No activity for 9999 days (threshold: 180),9999,,,c553422ce1d820c3227608cd134fdbf0dd4ba027,not_protected,,Review for deletion - stale branch with no recent activity
LP-smart-rules-svs-1.0.0,true,STALE_CANDIDATE,No activity for 9999 days (threshold: 180),9999,,,336c19bbbf79ad01baa37c22383c7d64ab537f1a,not_protected,,Review for deletion - stale branch with no recent activity
LP-smart-rules-whitelist-1.0.0,true,STALE_CANDIDATE,No activity for 9999 days (threshold: 180),9999,,,0910bce9d8f48a4a12d2cdfcde924803f3badb13,not_protected,,Review for deletion - stale branch with no recent activity
LP-smart-rules-whitelist-remediation-1.0.0,true,STALE_CANDIDATE,No activity for 9999 days (threshold: 180),9999,,,060ec6f57f639cd59f84e7161fd385ad2ca66f95,not_protected,,Review for deletion - stale branch with no recent activity
aoss-staging-integration,true,STALE_CANDIDATE,No activity for 9999 days (threshold: 180),9999,,,e9b0fe25e9ace820afdf51380d300f0871207dbc,not_protected,,Review for deletion - stale branch with no recent activity
archive/aoss-staging-integration-20251229T132234Z,true,STALE_CANDIDATE,No activity for 9999 days (threshold: 180),9999,,,e9b0fe25e9ace820afdf51380d300f0871207dbc,not_protected,,Review for deletion - stale branch with no recent activity
archive/chore/add-secret-scan,true,STALE_CANDIDATE,No activity for 9999 days (threshold: 180),9999,,,54080d217a9625ad150b1bb383934bfa3ccf468f,not_protected,,Review for deletion - stale branch with no recent activity
archive/chore/ci-seed-emulator-20251229T132234Z,true,STALE_CANDIDATE,No activity for 9999 days (threshold: 180),9999,,,2cae3cfbb91fcec3ef385a077a0a8e9f549bedec,not_protected,,Review for deletion - stale branch with no recent activity
archive/chore/fix-deploy-public-path-v1-0-20251229T132234Z,true,STALE_CANDIDATE,No activity for 9999 days (threshold: 180),9999,,,75d7c63823ef423ec78dfc8fc6752a6e62b433c0,not_protected,,Review for deletion - stale branch with no recent activity
archive/chore/staging-verify-workflow-2025-12-10-20251229T132234Z,true,STALE_CANDIDATE,No activity for 9999 days (threshold: 180),9999,,,76c1f46869321493a2fd7122c249edd8ef00183f,not_protected,,Review for deletion - stale branch with no recent activity
archive/feature/aoss-frontend-nav-v1-0-20251229T132234Z,true,STALE_CANDIDATE,No activity for 9999 days (threshold: 180),9999,,,cd5875c7235e43ed41433b0db799ade3fa4e7d97,not_protected,,Review for deletion - stale branch with no recent activity
archive/feature/aoss-monorepo-scaffold-v0-1-0-20251229T132234Z,true,STALE_CANDIDATE,No activity for 9999 days (threshold: 180),9999,,,0b3a83d56d1fefd3a8e343c8327abd424756cd0a,not_protected,,Review for deletion - stale branch with no recent activity
archive/feature/aoss-pr-monitor-v1-0-20251229T132234Z,true,STALE_CANDIDATE,No activity for 9999 days (threshold: 180),9999,,,d02db0c775a75ff4c35329dfac49ff147f6782d1,not_protected,,Review for deletion - stale branch with no recent activity
archive/feature/aoss-product-editor-layout-v1-1-20251229T132234Z,true,STALE_CANDIDATE,No activity for 9999 days (threshold: 180),9999,,,dca28d63c0e798b6d06378442a9b6875ca0cf7f3,not_protected,,Review for deletion - stale branch with no recent activity
archive/feature/aoss-repo-audit-v1-1-20251229T132234Z,true,STALE_CANDIDATE,No activity for 9999 days (threshold: 180),9999,,,e33eb00d2e4fc6363fb1e857485eb38dd0d6597d,not_protected,,Review for deletion - stale branch with no recent activity
archive/feature/aoss-staging-hosting-v0-2-1-20251229T132234Z,true,STALE_CANDIDATE,No activity for 9999 days (threshold: 180),9999,,,7468494cba5f8816a140fea15254d89b18b13f47,not_protected,,Review for deletion - stale branch with no recent activity
archive/feature/ci-sa-test-trigger-v0-4-1-20251229T132234Z,true,STALE_CANDIDATE,No activity for 9999 days (threshold: 180),9999,,,0e3ad8d2e0ebcc51d0dd12bdef984a016cb38110,not_protected,,Review for deletion - stale branch with no recent activity
archive/feature/cli-api/retailops-pipeline-20251229T132234Z,true,STALE_CANDIDATE,No activity for 9999 days (threshold: 180),9999,,,5b3f42442a289eb1f0d7e615f9f6ad2760dce0ae,not_protected,,Review for deletion - stale branch with no recent activity
archive/feature/importer-dynamic-v2.2,true,STALE_CANDIDATE,No activity for 9999 days (threshold: 180),9999,,,b09465bd113cb7175032904565ad9d2ac41449a6,not_protected,,Review for deletion - stale branch with no recent activity
archive/feature/products-list-aoss-20251229T132234Z,true,STALE_CANDIDATE,No activity for 9999 days (threshold: 180),9999,,,6283414e343cc934731a5fc01e642847beb90483,not_protected,,Review for deletion - stale branch with no recent activity
archive/feature/users-admin-20251229T132234Z,true,STALE_CANDIDATE,No activity for 9999 days (threshold: 180),9999,,,94b70f4e0a3b036191eeb91954b60ebec6291e80,not_protected,,Review for deletion - stale branch with no recent activity
archive/fix/attribute-testids-20251229T132234Z,true,STALE_CANDIDATE,No activity for 9999 days (threshold: 180),9999,,,cfac2f1e42c114667cfcdc5940fa5569ba4a5d99,not_protected,,Review for deletion - stale branch with no recent activity
archive/fix/pr261-attr-data-20251216-20251229T132234Z,true,STALE_CANDIDATE,No activity for 9999 days (threshold: 180),9999,,,36fa2660d86c0501f4bafa022e1fba0caee464b6,not_protected,,Review for deletion - stale branch with no recent activity
archive/fix/pr261-test-mock-20251216-20251229T132234Z,true,STALE_CANDIDATE,No activity for 9999 days (threshold: 180),9999,,,2a90bb8e0e1259cbd5b120b06f55dd085562cff3,not_protected,,Review for deletion - stale branch with no recent activity
archive/fix/product-editor-missing-id-debug-20251229T132234Z,true,STALE_CANDIDATE,No activity for 9999 days (threshold: 180),9999,,,178279256cc478131da72ae178bd8f86b580c046,not_protected,,Review for deletion - stale branch with no recent activity
archive/fix/set-admin-activate-account_PROMPT_019A_v1.14-20251229T132234Z,true,STALE_CANDIDATE,No activity for 9999 days (threshold: 180),9999,,,9477fc5f754297ff35169cb9618437223adb79f6,not_protected,,Review for deletion - stale branch with no recent activity
archive/fix/users-roles-profile-20251229T132234Z,true,STALE_CANDIDATE,No activity for 9999 days (threshold: 180),9999,,,42254976eb53c034d82231f10988bf2ac94b1513,not_protected,,Review for deletion - stale branch with no recent activity
archive/fix/v3.3-test-descriptionpanel,true,STALE_CANDIDATE,No activity for 9999 days (threshold: 180),9999,,,ebb0dae4dbbe5e67076ac502a3181f1175576708,not_protected,,Review for deletion - stale branch with no recent activity
archive/fix/v3.3-tolower-guards,true,STALE_CANDIDATE,No activity for 9999 days (threshold: 180),9999,,,873d29371dabf257c61388ff3acace4dce6e240f,not_protected,,Review for deletion - stale branch with no recent activity
archive/fix/v3.3-types-attribute-detail,true,STALE_CANDIDATE,No activity for 9999 days (threshold: 180),9999,,,c58e8f3b731f630795735b669e553116ab65babd,not_protected,,Review for deletion - stale branch with no recent activity
archive/fix/v3.3-ux-values-search-save,true,STALE_CANDIDATE,No activity for 9999 days (threshold: 180),9999,,,44e5a337f90c2712a88b3b89d07efb4064544027,not_protected,,Review for deletion - stale branch with no recent activity
archive/fix/018c_conflict_hotfix-20251229T132234Z,true,STALE_CANDIDATE,No activity for 9999 days (threshold: 180),9999,,,aefc885be66e8356ad8d4f722b87ff1c62f6e23c,not_protected,,Review for deletion - stale branch with no recent activity
archive/main,true,STALE_CANDIDATE,No activity for 9999 days (threshold: 180),9999,,,de7dc9c93e8ed120ed950d32264ad45b1d72a3e7,not_protected,,Review for deletion - stale branch with no recent activity
audit/sdk-firestore-attributes-2026-01-07,true,STALE_CANDIDATE,No activity for 9999 days (threshold: 180),9999,,,b718a9f15d2f068eb2e40da7feeee87b3b479da4,not_protected,,Review for deletion - stale branch with no recent activity
chore/attribute-inspection-20251210,true,STALE_CANDIDATE,No activity for 9999 days (threshold: 180),9999,,,025e992b311faae586ab2445fcc72054106e9401,not_protected,,Review for deletion - stale branch with no recent activity
chore/ci-seed-emulator,true,STALE_CANDIDATE,No activity for 9999 days (threshold: 180),9999,,,2cae3cfbb91fcec3ef385a077a0a8e9f549bedec,not_protected,,Review for deletion - stale branch with no recent activity
chore/e2e-timeout-60-v2,true,STALE_CANDIDATE,No activity for 9999 days (threshold: 180),9999,,,c0686598b963fc4ef353b732d56f5c9e735dd092,not_protected,,Review for deletion - stale branch with no recent activity
chore/e2e-timeout-60,true,STALE_CANDIDATE,No activity for 9999 days (threshold: 180),9999,,,670a35ca998e8ab302059a1747dbc2cd3ab125fc,not_protected,,Review for deletion - stale branch with no recent activity
chore/fix-deploy-public-path-v1-0,true,STALE_CANDIDATE,No activity for 9999 days (threshold: 180),9999,,,75d7c63823ef423ec78dfc8fc6752a6e62b433c0,not_protected,,Review for deletion - stale branch with no recent activity
chore/staging-verify-workflow-2025-12-10,true,STALE_CANDIDATE,No activity for 9999 days (threshold: 180),9999,,,76c1f46869321493a2fd7122c249edd8ef00183f,not_protected,,Review for deletion - stale branch with no recent activity
docs/completion-contract-authoritative,true,STALE_CANDIDATE,No activity for 9999 days (threshold: 180),9999,,,2382de54396c1d65748f994f381b0c45991c93dd,not_protected,,Review for deletion - stale branch with no recent activity
docs/service-account-ropi-deploy,true,STALE_CANDIDATE,No activity for 9999 days (threshold: 180),9999,,,e370b585b0363dc4aa3c68535147e5df68eadb12,not_protected,,Review for deletion - stale branch with no recent activity
feat/completion-admin-rules-ui-1.3.0,true,STALE_CANDIDATE,No activity for 9999 days (threshold: 180),9999,,,5e29db272d451bc64e3488444a552a1213dfa9ca,not_protected,,Review for deletion - stale branch with no recent activity
feat/completion-engine-canonical-gate,true,STALE_CANDIDATE,No activity for 9999 days (threshold: 180),9999,,,65475b11d6f2fa2d56e37526bb28ffdc7ff5ff38,not_protected,,Review for deletion - stale branch with no recent activity
feat/completion-engine-clean,true,STALE_CANDIDATE,No activity for 9999 days (threshold: 180),9999,,,6fa36d68f2f2f47793ed1ce38c9077e73b5d2ecd,not_protected,,Review for deletion - stale branch with no recent activity
feat/completion-evaluation-engine,true,STALE_CANDIDATE,No activity for 9999 days (threshold: 180),9999,,,e085de5aefa1fbca6314310b36143bebd3d26d78,not_protected,,Review for deletion - stale branch with no recent activity
feat/completion-model-export-gate-docs,true,STALE_CANDIDATE,No activity for 9999 days (threshold: 180),9999,,,01ae5bc97232007ec7e84c3b4d3e4c6e5393228c,not_protected,,Review for deletion - stale branch with no recent activity
feat/completion-operator-explainability,true,STALE_CANDIDATE,No activity for 9999 days (threshold: 180),9999,,,724c10be575c0d8546a5f05e4702c103c3764eb6,not_protected,,Review for deletion - stale branch with no recent activity
feat/completion-rules-persistence,true,STALE_CANDIDATE,No activity for 9999 days (threshold: 180),9999,,,b97275c00c9e7670ef178fcd980dde7904e50946,not_protected,,Review for deletion - stale branch with no recent activity
feat/completion-user-visibility-ui-1.4.0,true,STALE_CANDIDATE,No activity for 9999 days (threshold: 180),9999,,,97eae3a4e69871807dbe4590ee728dfadfd55850,not_protected,,Review for deletion - stale branch with no recent activity
feat/export-gate-enforcement,true,STALE_CANDIDATE,No activity for 9999 days (threshold: 180),9999,,,f1594aff68859b2b064820c1456144f8d3dfd1d2,not_protected,,Review for deletion - stale branch with no recent activity
feat/export-gate-ui-artifacts,true,STALE_CANDIDATE,No activity for 9999 days (threshold: 180),9999,,,f1594aff68859b2b064820c1456144f8d3dfd1d2,not_protected,,Review for deletion - stale branch with no recent activity
feature/admin/settings-smartrules,true,STALE_CANDIDATE,No activity for 9999 days (threshold: 180),9999,,,9d25996251426163a5b0378d7ed679c14ff9450d,not_protected,,Review for deletion - stale branch with no recent activity
feature/aoss-frontend-nav-v1-0,true,STALE_CANDIDATE,No activity for 9999 days (threshold: 180),9999,,,cd5875c7235e43ed41433b0db799ade3fa4e7d97,not_protected,,Review for deletion - stale branch with no recent activity
feature/aoss-monorepo-scaffold-v0-1-0,true,STALE_CANDIDATE,No activity for 9999 days (threshold: 180),9999,,,0b3a83d56d1fefd3a8e343c8327abd424756cd0a,not_protected,,Review for deletion - stale branch with no recent activity
feature/aoss-pr-monitor-v1-0,true,STALE_CANDIDATE,No activity for 9999 days (threshold: 180),9999,,,d02db0c775a75ff4c35329dfac49ff147f6782d1,not_protected,,Review for deletion - stale branch with no recent activity
feature/aoss-product-editor-layout-v1-1,true,STALE_CANDIDATE,No activity for 9999 days (threshold: 180),9999,,,dca28d63c0e798b6d06378442a9b6875ca0cf7f3,not_protected,,Review for deletion - stale branch with no recent activity
feature/aoss-repo-audit-v1-1,true,STALE_CANDIDATE,No activity for 9999 days (threshold: 180),9999,,,e33eb00d2e4fc6363fb1e857485eb38dd0d6597d,not_protected,,Review for deletion - stale branch with no recent activity
feature/aoss-staging-hosting-v0-2-1,true,STALE_CANDIDATE,No activity for 9999 days (threshold: 180),9999,,,7468494cba5f8816a140fea15254d89b18b13f47,not_protected,,Review for deletion - stale branch with no recent activity
feature/ci-sa-test-trigger-v0-4-1,true,STALE_CANDIDATE,No activity for 9999 days (threshold: 180),9999,,,0e3ad8d2e0ebcc51d0dd12bdef984a016cb38110,not_protected,,Review for deletion - stale branch with no recent activity
feature/cli-api/retailops-pipeline,true,STALE_CANDIDATE,No activity for 9999 days (threshold: 180),9999,,,5b3f42442a289eb1f0d7e615f9f6ad2760dce0ae,not_protected,,Review for deletion - stale branch with no recent activity
feature/products-list-aoss,true,STALE_CANDIDATE,No activity for 9999 days (threshold: 180),9999,,,6283414e343cc934731a5fc01e642847beb90483,not_protected,,Review for deletion - stale branch with no recent activity
feature/users-admin,true,STALE_CANDIDATE,No activity for 9999 days (threshold: 180),9999,,,94b70f4e0a3b036191eeb91954b60ebec6291e80,not_protected,,Review for deletion - stale branch with no recent activity
fix/admin-auth-debug,true,STALE_CANDIDATE,No activity for 9999 days (threshold: 180),9999,,,3022f72d83ad47b5bff5201b3b746fe3c622f788,not_protected,,Review for deletion - stale branch with no recent activity
fix/attribute-export-schema-2026-01-07,true,STALE_CANDIDATE,No activity for 9999 days (threshold: 180),9999,,,32763a01035bac4f717039008e9fbf0bebb6daf4,not_protected,,Review for deletion - stale branch with no recent activity
fix/attribute-pagination-limit,true,STALE_CANDIDATE,No activity for 9999 days (threshold: 180),9999,,,62d6364cd36a95d1fca4402bf73eca904c3dfb08,not_protected,,Review for deletion - stale branch with no recent activity
fix/attribute-testids,true,STALE_CANDIDATE,No activity for 9999 days (threshold: 180),9999,,,cfac2f1e42c114667cfcdc5940fa5569ba4a5d99,not_protected,,Review for deletion - stale branch with no recent activity
fix/audit-clean-and-align-registry,true,STALE_CANDIDATE,No activity for 9999 days (threshold: 180),9999,,,26ccce4d1cdfd67bc340f112516edd70c95d2677,not_protected,,Review for deletion - stale branch with no recent activity
fix/auth-401-analyze-image,true,STALE_CANDIDATE,No activity for 9999 days (threshold: 180),9999,,,2e04fef335b2034de77970d960c580cdc851bc37,not_protected,,Review for deletion - stale branch with no recent activity
fix/auth-injection-export-readiness-2026-01-07,true,STALE_CANDIDATE,No activity for 9999 days (threshold: 180),9999,,,5538d0d34f84df51b93c7c2ebc7f47d4f13a239b,not_protected,,Review for deletion - stale branch with no recent activity
fix/calc-readiness-pass-product-2026-01-06,true,STALE_CANDIDATE,No activity for 9999 days (threshold: 180),9999,,,038ab385af47b7f78898ceceee9f46b6789abdf0,not_protected,,Review for deletion - stale branch with no recent activity
fix/ci-test-stability,true,STALE_CANDIDATE,No activity for 9999 days (threshold: 180),9999,,,369cbe28a01b00ff1fedb01bfc1d36379766e3e0,not_protected,,Review for deletion - stale branch with no recent activity
fix/completion-engine-staging-unblock,true,STALE_CANDIDATE,No activity for 9999 days (threshold: 180),9999,,,2e1a4fccbf8cdaa22b35b613cdd48bf839fb8b1a,not_protected,,Review for deletion - stale branch with no recent activity
fix/completion-rules-canonical-field,true,STALE_CANDIDATE,No activity for 9999 days (threshold: 180),9999,,,65f110e68492a85be3f66a5863744468a0d7d5a3,not_protected,,Review for deletion - stale branch with no recent activity
fix/export-global-engine-phase2-2026-01-07,true,STALE_CANDIDATE,No activity for 9999 days (threshold: 180),9999,,,7bfafa5cd238665a98b955bda5abf419e5616acc,not_protected,,Review for deletion - stale branch with no recent activity
fix/export-global-ui-phase2-2026-01-07,true,STALE_CANDIDATE,No activity for 9999 days (threshold: 180),9999,,,0c87419cf6c5645222bb4928d4f34708e20073be,not_protected,,Review for deletion - stale branch with no recent activity
fix/lists-param-name,true,STALE_CANDIDATE,No activity for 9999 days (threshold: 180),9999,,,cc05facb787d2adb01216c493ca51aeecb4e7631,not_protected,,Review for deletion - stale branch with no recent activity
fix/obs-inline-add-1.2.0,true,STALE_CANDIDATE,No activity for 9999 days (threshold: 180),9999,,,25bf07a2378e86680ffd6a30d71e49a0bf691663,not_protected,,Review for deletion - stale branch with no recent activity
fix/obs-migrate-1.4.0,true,STALE_CANDIDATE,No activity for 9999 days (threshold: 180),9999,,,55e03bbd27617f4373f2719a521ee03df02858e5,not_protected,,Review for deletion - stale branch with no recent activity
fix/obs-mobile-parity-1.1.0,true,STALE_CANDIDATE,No activity for 9999 days (threshold: 180),9999,,,e76284b52c7003c74c64e5efc93d1d67072b2905,not_protected,,Review for deletion - stale branch with no recent activity
fix/obs-srot-1.0.0,true,STALE_CANDIDATE,No activity for 9999 days (threshold: 180),9999,,,cb049d35cfdbbaf39945f2b447d6ebb066c3a9df,not_protected,,Review for deletion - stale branch with no recent activity
fix/pr261-attr-data-20251216,true,STALE_CANDIDATE,No activity for 9999 days (threshold: 180),9999,,,36fa2660d86c0501f4bafa022e1fba0caee464b6,not_protected,,Review for deletion - stale branch with no recent activity
fix/pr261-test-mock-20251216,true,STALE_CANDIDATE,No activity for 9999 days (threshold: 180),9999,,,2a90bb8e0e1259cbd5b120b06f55dd085562cff3,not_protected,,Review for deletion - stale branch with no recent activity
fix/product-editor-missing-id-debug,true,STALE_CANDIDATE,No activity for 9999 days (threshold: 180),9999,,,178279256cc478131da72ae178bd8f86b580c046,not_protected,,Review for deletion - stale branch with no recent activity
fix/pvs-0.4.5-ui-regressions,true,STALE_CANDIDATE,No activity for 9999 days (threshold: 180),9999,,,15b0a5e2f732fc1578e1ac320e51f4d180c38f3f,not_protected,,Review for deletion - stale branch with no recent activity
fix/pvs-0.4.6-purge-defaults,true,STALE_CANDIDATE,No activity for 9999 days (threshold: 180),9999,,,68e7936a0f4cb244218957f2e3cc80bd0a16e981,not_protected,,Review for deletion - stale branch with no recent activity
fix/pvs-0.4.7-hard-purge,true,STALE_CANDIDATE,No activity for 9999 days (threshold: 180),9999,,,6aad0678bd9b80cfd761f3a086b1eb78a660fdb6,not_protected,,Review for deletion - stale branch with no recent activity
fix/remove-legacy-export-panel-2026-01-07,true,STALE_CANDIDATE,No activity for 9999 days (threshold: 180),9999,,,c4f41fb02ea9f6cf8f698d538f888a7ad4443645,not_protected,,Review for deletion - stale branch with no recent activity
fix/set-admin-activate-account_PROMPT_019A_v1.14,true,STALE_CANDIDATE,No activity for 9999 days (threshold: 180),9999,,,9477fc5f754297ff35169cb9618437223adb79f6,not_protected,,Review for deletion - stale branch with no recent activity
fix/svs-routing-guardrail-import-2026-01-03,true,STALE_CANDIDATE,No activity for 9999 days (threshold: 180),9999,,,eac573b178fb05f5a91390b5cdc0e4601847075b,not_protected,,Review for deletion - stale branch with no recent activity
fix/users-roles-profile,true,STALE_CANDIDATE,No activity for 9999 days (threshold: 180),9999,,,42254976eb53c034d82231f10988bf2ac94b1513,not_protected,,Review for deletion - stale branch with no recent activity
fix/website-selector-crash,true,STALE_CANDIDATE,No activity for 9999 days (threshold: 180),9999,,,77e916547b705e2e8f244157b04740621fc87dc3,not_protected,,Review for deletion - stale branch with no recent activity
fix/workflow-lp-format-2026-01-05,true,STALE_CANDIDATE,No activity for 9999 days (threshold: 180),9999,,,caeefb322dcc0faa365728ca3943cb29e9ffd7a8,not_protected,,Review for deletion - stale branch with no recent activity
fix/018c_conflict_hotfix,true,STALE_CANDIDATE,No activity for 9999 days (threshold: 180),9999,,,aefc885be66e8356ad8d4f722b87ff1c62f6e23c,not_protected,,Review for deletion - stale branch with no recent activity
governance/lp-sequential-numbering-2026-01-07,true,STALE_CANDIDATE,No activity for 9999 days (threshold: 180),9999,,,b56000a75d6f2114e68cb95da836fc90c237b31e,not_protected,,Review for deletion - stale branch with no recent activity
homer/firestore-rules-staging-deploy,true,STALE_CANDIDATE,No activity for 9999 days (threshold: 180),9999,,,6fe2e22d8117fc35820d1e8ab9b904ffea332b17,not_protected,,Review for deletion - stale branch with no recent activity
lisa/LP-0.8.0/278-rebase,true,STALE_CANDIDATE,No activity for 9999 days (threshold: 180),9999,,,86bdafe2407120aa4871dda6b12abb8c96f36fee,not_protected,,Review for deletion - stale branch with no recent activity
lisa/LP-1.1.1/mobile-observation-capture,true,STALE_CANDIDATE,No activity for 9999 days (threshold: 180),9999,,,496be7966364a48ce277d5019dc3a760f356bd3f,not_protected,,Review for deletion - stale branch with no recent activity
lisa/LP-1.1.5/seed-test-batch,true,STALE_CANDIDATE,No activity for 9999 days (threshold: 180),9999,,,1d0bcffb63f0e5d15a098194c4a6489d952ef1a2,not_protected,,Review for deletion - stale branch with no recent activity
lisa/LP-1.1.7/fix-e2e-yaml-and-lean-login,true,STALE_CANDIDATE,No activity for 9999 days (threshold: 180),9999,,,7e69572cf8a0627e3f3dbfce9c18e79d5f9c42fe,not_protected,,Review for deletion - stale branch with no recent activity
lisa/LP-1.1.9/observations-route,true,STALE_CANDIDATE,No activity for 9999 days (threshold: 180),9999,,,1d22ff0377145b589c1559d041b7ae5950964722,not_protected,,Review for deletion - stale branch with no recent activity
lisa/LP-1.1.10/mpn-product-search,true,STALE_CANDIDATE,No activity for 9999 days (threshold: 180),9999,,,4f23c29ce810355ca4650867320c866e228281e7,not_protected,,Review for deletion - stale branch with no recent activity
lisa/LP-1.1.11/unify-observations-panel,true,STALE_CANDIDATE,No activity for 9999 days (threshold: 180),9999,,,d1b02eccdee1348746330a11ca3548021b23454a,not_protected,,Review for deletion - stale branch with no recent activity
lisa/LP-1.1.12/title-optional,true,STALE_CANDIDATE,No activity for 9999 days (threshold: 180),9999,,,2f9d951b51121e3390054e48c7a0a70cbd3b4967,not_protected,,Review for deletion - stale branch with no recent activity
lisa/LP-1.1.13/crud-fieldlink-validation,true,STALE_CANDIDATE,No activity for 9999 days (threshold: 180),9999,,,4f4bdc9f8306fbf91fb7a780b08114c690efa9fc,not_protected,,Review for deletion - stale branch with no recent activity
lisa/LP-1.2.2/mpn-401-fix,true,STALE_CANDIDATE,No activity for 9999 days (threshold: 180),9999,,,13e339e0b5ab7cb44adec81d34ea13bb476aa7ef,not_protected,,Review for deletion - stale branch with no recent activity
lisa/LP-1.2.7/merge-and-verify-observations,true,STALE_CANDIDATE,No activity for 9999 days (threshold: 180),9999,,,72a8186dbb9f24f50baf16ec8e5b169884e9fd65,not_protected,,Review for deletion - stale branch with no recent activity
lisa/LP-1.3.1/t1-refactors-and-a11y,true,STALE_CANDIDATE,No activity for 9999 days (threshold: 180),9999,,,eec92426a96d4b5207aee02930f084eb42c2769a,not_protected,,Review for deletion - stale branch with no recent activity
lisa/LP-1.3.4/products-list-no-index-required,true,STALE_CANDIDATE,No activity for 9999 days (threshold: 180),9999,,,7d7e7b7a4fcba33521192ffb8bd3cc5754ec2c13,not_protected,,Review for deletion - stale branch with no recent activity
lisa/LP-1.3.6/fix-department-filter,true,STALE_CANDIDATE,No activity for 9999 days (threshold: 180),9999,,,1014a72fdda8d6c023b3092b491cf258cefd50c5,not_protected,,Review for deletion - stale branch with no recent activity
lisa/PVS-0.1.0/setup-lisa-governance,true,STALE_CANDIDATE,No activity for 9999 days (threshold: 180),9999,,,df7300f71ae3feea91bea75df9535c119126b2c0,not_protected,,Review for deletion - stale branch with no recent activity
lisa/PVS-0.1.1/repo-inventory,true,STALE_CANDIDATE,No activity for 9999 days (threshold: 180),9999,,,edd75b4f536bb28fe25bd68aa0f696e9cf453673,not_protected,,Review for deletion - stale branch with no recent activity
lisa/PVS-0.1.2/pr173-fix-ci-018c-conflict-e2e-cleanup,true,STALE_CANDIDATE,No activity for 9999 days (threshold: 180),9999,,,aefc885be66e8356ad8d4f722b87ff1c62f6e23c,not_protected,,Review for deletion - stale branch with no recent activity
lisa/PVS-0.1.2/pr220-feat-admin-smartrules-aitemplate-persist,true,STALE_CANDIDATE,No activity for 9999 days (threshold: 180),9999,,,9d25996251426163a5b0378d7ed679c14ff9450d,not_protected,,Review for deletion - stale branch with no recent activity
lisa/PVS-0.1.2/pr223-ci-increase-e2e-timeout-to-60min-tempora,true,STALE_CANDIDATE,No activity for 9999 days (threshold: 180),9999,,,670a35ca998e8ab302059a1747dbc2cd3ab125fc,not_protected,,Review for deletion - stale branch with no recent activity
lisa/PVS-0.1.2/pr226-ci-increase-e2e-timeout-to-60min-tempora,true,STALE_CANDIDATE,No activity for 9999 days (threshold: 180),9999,,,c0686598b963fc4ef353b732d56f5c9e735dd092,not_protected,,Review for deletion - stale branch with no recent activity
lisa/PVS-0.1.2/pr240-fix-api-use-req-params-listid-in-lists-h,true,STALE_CANDIDATE,No activity for 9999 days (threshold: 180),9999,,,cc05facb787d2adb01216c493ca51aeecb4e7631,not_protected,,Review for deletion - stale branch with no recent activity
lisa/PVS-0.1.2/pr243-feat-auth-admin-auth-debugging-and-e2e-u,true,STALE_CANDIDATE,No activity for 9999 days (threshold: 180),9999,,,3022f72d83ad47b5bff5201b3b746fe3c622f788,not_protected,,Review for deletion - stale branch with no recent activity
lisa/PVS-0.1.2/pr256-report-attribute-inspection-staging-unkn,true,STALE_CANDIDATE,No activity for 9999 days (threshold: 180),9999,,,025e992b311faae586ab2445fcc72054106e9401,not_protected,,Review for deletion - stale branch with no recent activity
lisa/PVS-0.1.2/pr262-revert-revert-regression-commit-27f41da-,true,STALE_CANDIDATE,No activity for 9999 days (threshold: 180),9999,,,6ab74409037aa854964dba93f568000083e4cf8a,not_protected,,Review for deletion - stale branch with no recent activity
lisa/PVS-0.1.2/rename-proposals,true,STALE_CANDIDATE,No activity for 9999 days (threshold: 180),9999,,,c8dd39c96a16cb4eee370b6b542329ca075dd0ca,not_protected,,Review for deletion - stale branch with no recent activity
lisa/PVS-0.1.3/execute-pr-branch-copies,true,STALE_CANDIDATE,No activity for 9999 days (threshold: 180),9999,,,46ed1609fe3c14cf023414f154998ee594674bb4,not_protected,,Review for deletion - stale branch with no recent activity
lisa/PVS-0.1.5/verify-normalize-tests,true,STALE_CANDIDATE,No activity for 9999 days (threshold: 180),9999,,,933e7e6b2a8b4a7c0061079b972a0826a885e3e4,not_protected,,Review for deletion - stale branch with no recent activity
lisa/PVS-0.1.6/normalize-staging-dryrun,true,STALE_CANDIDATE,No activity for 9999 days (threshold: 180),9999,,,a00f99353f967b89ca2d4cb80b42d4006cc8ec8a,not_protected,,Review for deletion - stale branch with no recent activity
lisa/PVS-0.1.7/apply-normalize-staging,true,STALE_CANDIDATE,No activity for 9999 days (threshold: 180),9999,,,c6d196e13a61d564cad3e5bada21c3e14c3726f6,not_protected,,Review for deletion - stale branch with no recent activity
lisa/PVS-0.1.8/generate-attribute-csv,true,STALE_CANDIDATE,No activity for 9999 days (threshold: 180),9999,,,e88b627e605aa68d1194b792de5895956875f147,not_protected,,Review for deletion - stale branch with no recent activity
lisa/PVS-0.2.2/normalize-attributes-get,true,STALE_CANDIDATE,No activity for 9999 days (threshold: 180),9999,,,61c700c84cf16baf80f09ce881c62f268222c352,not_protected,,Review for deletion - stale branch with no recent activity
lisa/PVS-0.3.2/mapping-ui,true,STALE_CANDIDATE,No activity for 9999 days (threshold: 180),9999,,,836423e5b22facc8bbfd836283aaf4f1fd444269,not_protected,,Review for deletion - stale branch with no recent activity
lisa/cleanup-firestore-shiekhshoes-lp-0.1.4,true,STALE_CANDIDATE,No activity for 9999 days (threshold: 180),9999,,,7edbd983f06da6fed0b52e9609d49b937d42f9aa,not_protected,,Review for deletion - stale branch with no recent activity
lisa/ops/audit-samples-LP-0.8.0,true,STALE_CANDIDATE,No activity for 9999 days (threshold: 180),9999,,,64fbf8326bbfcfa0d867e679921021f94c65c585,not_protected,,Review for deletion - stale branch with no recent activity
lisa/ops/backup-LP-0.8.0,true,STALE_CANDIDATE,No activity for 9999 days (threshold: 180),9999,,,c114d09a66ef4b06eaad7dc8336e280f70c80c0f,not_protected,,Review for deletion - stale branch with no recent activity
lp/ATTR-1.3.0-fix-registry-validation,true,STALE_CANDIDATE,No activity for 9999 days (threshold: 180),9999,,,8f47430fb034ff632e0daac6e9e5300deb5715c2,not_protected,,Review for deletion - stale branch with no recent activity
lp/ATTR-1.3.1-fix-validator-name-brand-optional,true,STALE_CANDIDATE,No activity for 9999 days (threshold: 180),9999,,,3a7975d0827fb7c61b9abeae09cdad18fcca159e,not_protected,,Review for deletion - stale branch with no recent activity
lp/ATTR-1.3.1-mapping-cors-dryrun,true,STALE_CANDIDATE,No activity for 9999 days (threshold: 180),9999,,,39bd45c2813123a4f27c677aa05ff447b5eb2469,not_protected,,Review for deletion - stale branch with no recent activity
lp/e2e-auth-stabilization-1.0,true,STALE_CANDIDATE,No activity for 9999 days (threshold: 180),9999,,,b2affb787a3295d4d069f1feb41931bdc90454f0,not_protected,,Review for deletion - stale branch with no recent activity
lp/importer-mapping-recon/1.4.1-ui-bindings-fix,true,STALE_CANDIDATE,No activity for 9999 days (threshold: 180),9999,,,1eb9c1d9b4ee25b636eac595d13adce6367a95a1,not_protected,,Review for deletion - stale branch with no recent activity
lp/importer-mapping-recon/1.4.2-media-status-guard,true,STALE_CANDIDATE,No activity for 9999 days (threshold: 180),9999,,,a80950b3b3607e6de2134d80e8f38078ae762086,not_protected,,Review for deletion - stale branch with no recent activity
lp/importer-mapping-recon/1.4.3-add-mappings-pricing-ui,true,STALE_CANDIDATE,No activity for 9999 days (threshold: 180),9999,,,5c57a5780b8f6bdc39a26eff9d9263c6df9b30d0,not_protected,,Review for deletion - stale branch with no recent activity
lp/importer-mapping-recon/1.4.5-pricing-shipping-canonical,true,STALE_CANDIDATE,No activity for 9999 days (threshold: 180),9999,,,6a83d08ff93219b299ae64c02b51c4eabe878765,not_protected,,Review for deletion - stale branch with no recent activity
lp/importer-mapping-recon-1.4.0,true,STALE_CANDIDATE,No activity for 9999 days (threshold: 180),9999,,,6099f520a7c4f9a2b3f5b0a84bf5f31260e227c0,not_protected,,Review for deletion - stale branch with no recent activity
lp/2.0.1-firestore-lockdown,true,STALE_CANDIDATE,No activity for 9999 days (threshold: 180),9999,,,18f53351337d916a7bda61cf486b9c515cc984e7,not_protected,,Review for deletion - stale branch with no recent activity
lp/2.0.2-registry-normalize,true,STALE_CANDIDATE,No activity for 9999 days (threshold: 180),9999,,,5c77e2e3582c153078e85b661f677f3d3a94726f,not_protected,,Review for deletion - stale branch with no recent activity
lp/2.0.3-provenance,true,STALE_CANDIDATE,No activity for 9999 days (threshold: 180),9999,,,2a9df3bf8c1d9720227f90da86373a59bb9d68a3,not_protected,,Review for deletion - stale branch with no recent activity
lp/2.0.4-pr-governance,true,STALE_CANDIDATE,No activity for 9999 days (threshold: 180),9999,,,77be9e375d53d1948c582d5931537b758171c7c5,not_protected,,Review for deletion - stale branch with no recent activity
lp/2.0.5-staging-checklist,true,STALE_CANDIDATE,No activity for 9999 days (threshold: 180),9999,,,b14757043e7244171e7d761651dcf81d5ee4e2f2,not_protected,,Review for deletion - stale branch with no recent activity
lp/2.1.0-sdk-mpn-first,true,STALE_CANDIDATE,No activity for 9999 days (threshold: 180),9999,,,39aa89f623c585f3075a49579ceb823c44222bf9,not_protected,,Review for deletion - stale branch with no recent activity
lp/2.1.1-api-validate-mpn,true,STALE_CANDIDATE,No activity for 9999 days (threshold: 180),9999,,,4c24c743d149079bc6e7c9d1ccb07ab35c05a510,not_protected,,Review for deletion - stale branch with no recent activity
lp/2.1.2-registry-json,true,STALE_CANDIDATE,No activity for 9999 days (threshold: 180),9999,,,8bf95a082ec189614eb5c6baf78682ccf89ca629,not_protected,,Review for deletion - stale branch with no recent activity
lp/2.1.4-firestore-products-lockdown,true,STALE_CANDIDATE,No activity for 9999 days (threshold: 180),9999,,,2476edb99066b1fabfaa6f21b38d57f0d60c9871,not_protected,,Review for deletion - stale branch with no recent activity
lp/2.1.4-fix-admin-rule,true,STALE_CANDIDATE,No activity for 9999 days (threshold: 180),9999,,,731f7a7a8237277586ed664150090c9832167d35,not_protected,,Review for deletion - stale branch with no recent activity
lp/3.0.11-attribute-create-save-audit,true,STALE_CANDIDATE,No activity for 9999 days (threshold: 180),9999,,,95f49e72e9512f393a8abb82fb98615d21c62a6a,not_protected,,Review for deletion - stale branch with no recent activity
lp-attr-1.3.2-parse-response-safely,true,STALE_CANDIDATE,No activity for 9999 days (threshold: 180),9999,,,7be93b500252a0d6bd00c150ce4b5b0d7004f3e0,not_protected,,Review for deletion - stale branch with no recent activity
lp-attr-1.3.3-attribute-id-editable,true,STALE_CANDIDATE,No activity for 9999 days (threshold: 180),9999,,,9f7e1d5753f7ff9b2dfb59b43d8f1aaa8a6f0219,not_protected,,Review for deletion - stale branch with no recent activity
lp-observations-srot-1.0.0,true,STALE_CANDIDATE,No activity for 9999 days (threshold: 180),9999,,,3c7a6fbb42abe6642da0cdafd0f8882ffb0043c7,not_protected,,Review for deletion - stale branch with no recent activity
lp-remove-legacy-observations-fallback-1.0.0,true,STALE_CANDIDATE,No activity for 9999 days (threshold: 180),9999,,,6e94ef903ccf2ac50be91788e4d99813d7fe9dee,not_protected,,Review for deletion - stale branch with no recent activity
lp-smart-rules-admin-1.0.0,true,STALE_CANDIDATE,No activity for 9999 days (threshold: 180),9999,,,67ee75b657b382dbe239420f5873673407e9b9fb,not_protected,,Review for deletion - stale branch with no recent activity
lp-smart-rules-engine-1.0.0,true,STALE_CANDIDATE,No activity for 9999 days (threshold: 180),9999,,,5a4b211abaf76aec2098240c90471ebead4f12e0,not_protected,,Review for deletion - stale branch with no recent activity
lp-smart-rules-exporter-1.0.0,true,STALE_CANDIDATE,No activity for 9999 days (threshold: 180),9999,,,57ee3526eedd41481d7074c756dca5caf7959c0f,not_protected,,Review for deletion - stale branch with no recent activity
lp-smart-rules-import-1.0.0,true,STALE_CANDIDATE,No activity for 9999 days (threshold: 180),9999,,,f88e55bd96de7b23512bf4e77317d4ca5481b52b,not_protected,,Review for deletion - stale branch with no recent activity
lp-smart-rules-registry-1.0.0,true,STALE_CANDIDATE,No activity for 9999 days (threshold: 180),9999,,,967f88fefc34601578c986c5a7db7bb950c899d4,not_protected,,Review for deletion - stale branch with no recent activity
lp-smart-rules-ui-provenance-1.0.0,true,STALE_CANDIDATE,No activity for 9999 days (threshold: 180),9999,,,14e6f8ca8d2cab4b72ad57526445a4338fb45b62,not_protected,,Review for deletion - stale branch with no recent activity
lp-smartrules-fix-dept-and-test-rule-1.0.0,true,STALE_CANDIDATE,No activity for 9999 days (threshold: 180),9999,,,94eb3ed6dbc8cf9e273d5d6e855e84ff1bd74786,not_protected,,Review for deletion - stale branch with no recent activity
lp-smartrules-log-collection-1.0.0,true,STALE_CANDIDATE,No activity for 9999 days (threshold: 180),9999,,,d547110c0c2e04ca81862c384cc4af2ab0f3dee3,not_protected,,Review for deletion - stale branch with no recent activity
obs-studio-cleanup/LP-1.4.0,true,STALE_CANDIDATE,No activity for 9999 days (threshold: 180),9999,,,a1727c87a3a805a4f0d427dc32ab2f8debda5b50,not_protected,,Review for deletion - stale branch with no recent activity
revert/27f41da-20251211,true,STALE_CANDIDATE,No activity for 9999 days (threshold: 180),9999,,,6ab74409037aa854964dba93f568000083e4cf8a,not_protected,,Review for deletion - stale branch with no recent activity
twgallo13-patch-1,true,STALE_CANDIDATE,No activity for 9999 days (threshold: 180),9999,,,df45ee0c7ea69427eebf2e1a20a31f643d530cbf,not_protected,,Review for deletion - stale branch with no recent activity