"number","title","head_branch","base_branch","author","lp_label","state_label","created_at","updated_at","url"
463,"LP-deploy-authority-model-001: Add Deploy Authority Model and Copilot Execution Constraints","LP-deploy-authority-model-001","aoss-main","twgallo13","MISSING","state:in-progress","2026-01-08T19:57:52Z","2026-01-08T20:01:25Z","https://github.com/twgallo13/ROPI-V2.1/pull/463"
458,"LP-export-global-impl-2b: Implement productLevelReadiness (UI)","fix/export-global-ui-phase2-2026-01-07","aoss-main","twgallo13","MISSING","MISSING","2026-01-07T02:55:52Z","2026-01-07T03:18:18Z","https://github.com/twgallo13/ROPI-V2.1/pull/458"
444,"LP: LP-workflow-fix-#001 — Fix lp-lint and phase-readiness-check workflows","fix/workflow-lp-format-2026-01-05","aoss-main","twgallo13","lp:workflow-fix-001","state:in-progress","2026-01-05T07:59:21Z","2026-01-05T08:11:06Z","https://github.com/twgallo13/ROPI-V2.1/pull/444"
442,"ci: deploy Firestore rules to staging","homer/firestore-rules-staging-deploy","aoss-main","twgallo13","MISSING","MISSING","2026-01-04T13:02:16Z","2026-01-04T13:06:17Z","https://github.com/twgallo13/ROPI-V2.1/pull/442"
429,"feat: Completion Evaluation Engine (Pure Math + Scoring)","feat/completion-engine-clean","aoss-main","twgallo13","MISSING","MISSING","2026-01-03T13:13:27Z","2026-01-03T13:26:28Z","https://github.com/twgallo13/ROPI-V2.1/pull/429"
428,"feat: Completion Evaluation Engine (Pure Math + Scoring)","feat/completion-evaluation-engine","aoss-main","twgallo13","MISSING","MISSING","2026-01-03T12:57:24Z","2026-01-03T13:14:56Z","https://github.com/twgallo13/ROPI-V2.1/pull/428"
427,"feat: Complete Completion Model Implementation (Persistence + Evaluation Engine)","feat/completion-rules-persistence","aoss-main","twgallo13","MISSING","MISSING","2026-01-03T12:11:31Z","2026-01-03T12:56:22Z","https://github.com/twgallo13/ROPI-V2.1/pull/427"
426,"docs: Add authoritative Completion → Export Gate documentation","docs/completion-contract-authoritative","aoss-main","twgallo13","MISSING","MISSING","2026-01-03T09:59:46Z","2026-01-03T12:09:17Z","https://github.com/twgallo13/ROPI-V2.1/pull/426"
416,"chore(migration): remove legacy observations fallback and deprecated helpers","lp-remove-legacy-observations-fallback-1.0.0","aoss-main","twgallo13","MISSING","MISSING","2026-01-02T06:26:15Z","2026-01-02T06:29:01Z","https://github.com/twgallo13/ROPI-V2.1/pull/416"
404,"feat(observations): LP-1.2.0 inline tags-first Add/Edit UX (no navigation)","fix/obs-inline-add-1.2.0","aoss-main","twgallo13","MISSING","MISSING","2026-01-01T04:49:10Z","2026-01-01T04:53:44Z","https://github.com/twgallo13/ROPI-V2.1/pull/404"
403,"feat(observations): LP-observations-consolidation-1.1.0 - Mobile/Desktop parity","fix/obs-mobile-parity-1.1.0","aoss-main","twgallo13","MISSING","MISSING","2026-01-01T04:23:52Z","2026-01-01T04:28:06Z","https://github.com/twgallo13/ROPI-V2.1/pull/403"
402,"feat(LP-observations-consolidation-1.0.0): Make product.observation canonical SRoT","fix/obs-srot-1.0.0","aoss-main","twgallo13","MISSING","MISSING","2026-01-01T04:06:11Z","2026-01-01T04:10:14Z","https://github.com/twgallo13/ROPI-V2.1/pull/402"
388,"docs(deploy): document Google service account and attribute registry sync — LP-service-account-ropi-deploy-1.0.0","docs/service-account-ropi-deploy","aoss-main","twgallo13","lp:service-account-ropi-deploy-1.0.0","state:in-progress","2025-12-29T20:32:30Z","2025-12-29T20:38:52Z","https://github.com/twgallo13/ROPI-V2.1/pull/388"
385,"test(e2e): stabilize auth sign-in on preview URLs","lp/e2e-auth-stabilization-1.0","aoss-main","twgallo13","lp:product-ordering-import-completeness-0.1.0","MISSING","2025-12-29T10:02:50Z","2025-12-29T10:12:56Z","https://github.com/twgallo13/ROPI-V2.1/pull/385"
376,"LP-importer-mapping-recon-1.4.5 — canonicalize pricing.shipping and enable editability","lp/importer-mapping-recon/1.4.5-pricing-shipping-canonical","aoss-main","twgallo13","MISSING","MISSING","2025-12-29T04:08:41Z","2025-12-29T04:20:10Z","https://github.com/twgallo13/ROPI-V2.1/pull/376"
364,"LP-0.1.4 — cleanup: remove shiekhshoes.com from staging Firestore","lisa/cleanup-firestore-shiekhshoes-lp-0.1.4","aoss-main","twgallo13","lp:0.1.4","state:approved","2025-12-27T03:53:55Z","2025-12-27T13:18:28Z","https://github.com/twgallo13/ROPI-V2.1/pull/364"
351,"LP-1.3.6: Fix Department Filter Showing Gender Values","lisa/LP-1.3.6/fix-department-filter","aoss-main","twgallo13","MISSING","MISSING","2025-12-25T22:13:41Z","2025-12-25T22:19:18Z","https://github.com/twgallo13/ROPI-V2.1/pull/351"
345,"LP-1.3.1 — T1 follow-ups: image-handling refactor + accessibility tweaks","lisa/LP-1.3.1/t1-refactors-and-a11y","aoss-main","twgallo13","lp:1.3.1","state:planned","2025-12-24T22:37:18Z","2025-12-24T22:41:36Z","https://github.com/twgallo13/ROPI-V2.1/pull/345"
340,"LP-ATTR-1.3.0-FIX-REGISTRY-VALIDATION — registry-driven import required validation","lp/ATTR-1.3.0-fix-registry-validation","aoss-main","twgallo13","MISSING","MISSING","2025-12-24T09:07:34Z","2025-12-24T09:14:58Z","https://github.com/twgallo13/ROPI-V2.1/pull/340"
339,"LP-ATTR-1.3.2: Fix JSON parse errors on DELETE 204 with parseResponseSafely","lp-attr-1.3.2-parse-response-safely","aoss-main","twgallo13","MISSING","MISSING","2025-12-24T08:38:00Z","2025-12-24T08:44:36Z","https://github.com/twgallo13/ROPI-V2.1/pull/339"
336,"feat(web): LP-3.0.11 - Audit & add defensive logging to attribute create/save flow","lp/3.0.11-attribute-create-save-audit","aoss-main","twgallo13","MISSING","MISSING","2025-12-23T02:19:04Z","2025-12-23T02:23:31Z","https://github.com/twgallo13/ROPI-V2.1/pull/336"
314,"LP-2.0.5: Staging — acceptance checklist & orchestration","lp/2.0.5-staging-checklist","aoss-main","twgallo13","MISSING","MISSING","2025-12-21T07:50:37Z","2025-12-21T08:06:00Z","https://github.com/twgallo13/ROPI-V2.1/pull/314"
313,"LP-2.0.4: Repo — PR governance & branch protections","lp/2.0.4-pr-governance","aoss-main","twgallo13","MISSING","MISSING","2025-12-21T07:47:18Z","2025-12-21T08:02:37Z","https://github.com/twgallo13/ROPI-V2.1/pull/313"
312,"LP-2.0.3: Tasks — per-key updates and attribute provenance","lp/2.0.3-provenance","aoss-main","twgallo13","MISSING","MISSING","2025-12-21T07:45:10Z","2025-12-21T08:00:30Z","https://github.com/twgallo13/ROPI-V2.1/pull/312"
311,"LP-2.0.2: Sync — normalize data_type tokens & add definition_version","lp/2.0.2-registry-normalize","aoss-main","twgallo13","MISSING","MISSING","2025-12-21T07:41:02Z","2025-12-21T07:56:25Z","https://github.com/twgallo13/ROPI-V2.1/pull/311"
310,"LP-2.0.1: Firestore — restrict product writes to admin/server","lp/2.0.1-firestore-lockdown","aoss-main","twgallo13","MISSING","MISSING","2025-12-21T07:12:43Z","2025-12-21T07:43:43Z","https://github.com/twgallo13/ROPI-V2.1/pull/310"
309,"[LP-1.2.7] Add Scan & Capture CTA to Observations page","lisa/LP-1.2.7/merge-and-verify-observations","aoss-main","twgallo13","MISSING","MISSING","2025-12-21T06:16:41Z","2025-12-21T06:32:02Z","https://github.com/twgallo13/ROPI-V2.1/pull/309"
307,"LP-1.2.2: Diagnose/fix MPN 401 (auth header, logs, tests)","lisa/LP-1.2.2/mpn-401-fix","aoss-main","twgallo13","MISSING","MISSING","2025-12-20T04:46:32Z","2025-12-20T06:13:05Z","https://github.com/twgallo13/ROPI-V2.1/pull/307"
303,"LP-0.8.0: attribute samples / audit evidence","lisa/ops/audit-samples-LP-0.8.0","aoss-main","twgallo13","MISSING","MISSING","2025-12-20T01:43:38Z","2025-12-20T01:47:34Z","https://github.com/twgallo13/ROPI-V2.1/pull/303"
302,"LP-0.8.0: backup attributes before attribute fixes","lisa/ops/backup-LP-0.8.0","aoss-main","twgallo13","MISSING","MISSING","2025-12-20T01:42:48Z","2025-12-20T01:42:54Z","https://github.com/twgallo13/ROPI-V2.1/pull/302"
299,"LP-1.1.13: Full CRUD + fieldLink validation","lisa/LP-1.1.13/crud-fieldlink-validation","aoss-main","twgallo13","MISSING","MISSING","2025-12-20T00:55:29Z","2025-12-20T00:58:05Z","https://github.com/twgallo13/ROPI-V2.1/pull/299"
298,"LP-1.1.12: Make Observation Title optional","lisa/LP-1.1.12/title-optional","aoss-main","twgallo13","MISSING","MISSING","2025-12-20T00:52:35Z","2025-12-20T00:55:12Z","https://github.com/twgallo13/ROPI-V2.1/pull/298"
297,"LP-1.1.11: Unify ObservationsPanel with mobile capture flow","lisa/LP-1.1.11/unify-observations-panel","aoss-main","twgallo13","MISSING","MISSING","2025-12-20T00:45:33Z","2026-01-05T17:43:25Z","https://github.com/twgallo13/ROPI-V2.1/pull/297"
293,"[LP-1.1.7] CI: Fix e2e workflow YAML & E2E: lean admin login helper","lisa/LP-1.1.7/fix-e2e-yaml-and-lean-login","aoss-main","twgallo13","MISSING","MISSING","2025-12-19T20:08:38Z","2025-12-19T20:22:43Z","https://github.com/twgallo13/ROPI-V2.1/pull/293"
290,"[LP-1.1.5] Test: Fix API integration tests - emulator setup and vitest mock hoisting","lisa/LP-1.1.5/seed-test-batch","aoss-main","twgallo13","MISSING","MISSING","2025-12-19T19:45:27Z","2025-12-19T20:08:49Z","https://github.com/twgallo13/ROPI-V2.1/pull/290"
275,"[PVS-0.1.8] Generate unified attribute mapping CSV (imports → editor → PDP)","lisa/PVS-0.1.8/generate-attribute-csv","aoss-main","twgallo13","MISSING","MISSING","2025-12-18T09:26:01Z","2025-12-18T09:29:23Z","https://github.com/twgallo13/ROPI-V2.1/pull/275"
274,"[PVS-0.1.7] Apply staging normalization, verify API, merge PR #271","lisa/PVS-0.1.7/apply-normalize-staging","aoss-main","twgallo13","MISSING","MISSING","2025-12-18T09:00:37Z","2025-12-18T09:00:58Z","https://github.com/twgallo13/ROPI-V2.1/pull/274"
273,"[PVS-0.1.6] Normalize attributes — staging dry-run & detailed report","lisa/PVS-0.1.6/normalize-staging-dryrun","aoss-main","twgallo13","MISSING","MISSING","2025-12-18T08:44:02Z","2025-12-18T08:48:36Z","https://github.com/twgallo13/ROPI-V2.1/pull/273"
272,"[PVS-0.1.5] Verify attribute update merge, add API test, document normalize dry-run","lisa/PVS-0.1.5/verify-normalize-tests","aoss-main","twgallo13","MISSING","MISSING","2025-12-18T08:32:20Z","2025-12-18T08:32:31Z","https://github.com/twgallo13/ROPI-V2.1/pull/272"
270,"[PVS-0.1.3] Pilot: create lisa branches for nonconforming branches with PRs","lisa/PVS-0.1.3/execute-pr-branch-copies","aoss-main","twgallo13","MISSING","MISSING","2025-12-18T08:17:40Z","2025-12-18T08:22:04Z","https://github.com/twgallo13/ROPI-V2.1/pull/270"
269,"[PVS-0.1.2] Branch rename proposals & non-destructive plan","lisa/PVS-0.1.2/rename-proposals","aoss-main","twgallo13","MISSING","MISSING","2025-12-18T08:14:39Z","2025-12-18T08:20:19Z","https://github.com/twgallo13/ROPI-V2.1/pull/269"
268,"[PVS-0.1.1] Repo inventory & proposed cleanup plan","lisa/PVS-0.1.1/repo-inventory","aoss-main","twgallo13","MISSING","MISSING","2025-12-18T08:12:09Z","2025-12-18T08:16:50Z","https://github.com/twgallo13/ROPI-V2.1/pull/268"
267,"[PVS-0.1.0] Lisa governance: add PR template, docs, and PR metadata checks","lisa/PVS-0.1.0/setup-lisa-governance","aoss-main","twgallo13","MISSING","MISSING","2025-12-18T08:07:52Z","2025-12-18T08:11:23Z","https://github.com/twgallo13/ROPI-V2.1/pull/267"
262,"revert: revert regression commit 27f41da (user management regression)","revert/27f41da-20251211","aoss-main","twgallo13","MISSING","MISSING","2025-12-11T20:16:22Z","2025-12-11T20:50:36Z","https://github.com/twgallo13/ROPI-V2.1/pull/262"
256,"report(attribute-inspection): staging unknown attributes 2025-12-10","chore/attribute-inspection-20251210","aoss-main","twgallo13","MISSING","MISSING","2025-12-11T01:18:24Z","2025-12-11T02:57:49Z","https://github.com/twgallo13/ROPI-V2.1/pull/256"
243,"feat(auth): Admin auth debugging and E2E user setup tools","fix/admin-auth-debug","aoss-main","twgallo13","MISSING","MISSING","2025-12-09T23:30:00Z","2025-12-10T03:26:01Z","https://github.com/twgallo13/ROPI-V2.1/pull/243"
240,"fix(api): use req.params.listId in lists handlers","fix/lists-param-name","aoss-main","twgallo13","MISSING","MISSING","2025-12-09T13:34:42Z","2025-12-10T03:26:36Z","https://github.com/twgallo13/ROPI-V2.1/pull/240"
226,"ci: increase e2e timeout to 60min (temporary) — Lisa v0.2.0","chore/e2e-timeout-60-v2","aoss-main","twgallo13","MISSING","MISSING","2025-12-08T00:35:54Z","2025-12-08T00:38:51Z","https://github.com/twgallo13/ROPI-V2.1/pull/226"
223,"ci: increase e2e timeout to 60min (temporary) — Lisa v0.2.0","chore/e2e-timeout-60","aoss-main","twgallo13","MISSING","MISSING","2025-12-07T23:56:50Z","2025-12-08T00:10:43Z","https://github.com/twgallo13/ROPI-V2.1/pull/223"
220,"feat(admin): SmartRules & AITemplate persistence skeleton (Lisa v0.2.0-rc2)","feature/admin/settings-smartrules","aoss-main","twgallo13","MISSING","MISSING","2025-12-07T20:49:05Z","2025-12-07T20:52:01Z","https://github.com/twgallo13/ROPI-V2.1/pull/220"